,namespace,Porcentagem de administradores que visualizaram relat√≥rios de AD
0,saedigital,1.0
1,dommga,1.0
2,colegiodompedrosegundo,1.0
3,saberviver,1.0
4,colegiocb,1.0
5,equipe,1.0
6,jardimsaopaulo,1.0
7,beityaacov,1.0
8,colegioalphaunis,1.0
9,colegiosaberviver,1.0
10,colegiomodelo,1.0
11,francobrasileiro,0.75
12,eccos,0.6363636363636364
13,nucleopva,0.5
14,magister,0.5
15,rede,0.5
16,colegiomundial,0.4444444444444444
17,aescobjetivo,0.42105263157894735
18,materamabilis,0.3333333333333333
19,nucec,0.3333333333333333
20,souhabilis,0.3333333333333333
21,ismart,0.3333333333333333
22,spdacruz,0.3333333333333333
23,universitariolondrina,0.30612244897959184
24,institutoeurofarma,0.2857142857142857
25,santoamerico,0.2857142857142857
26,sas,0.25
27,ceabb,0.25
28,colegiobilac,0.2
29,litteratus,0.2
30,colegioplanck,0.1875
31,physicscidadenova,0.1875
32,meta,0.18181818181818182
33,invictus,0.16666666666666666
34,ceespacolivre,0.16666666666666666
35,colegioecursodesafio,0.16666666666666666
36,physicsalmirantebarroso,0.15555555555555556
37,physicsalcindocacela,0.15384615384615385
38,colegiobrasilia,0.14285714285714285
39,colegiosiglan,0.14285714285714285
40,colegioflamingo,0.14285714285714285
41,acessopinhais,0.13333333333333333
42,qescola,0.13
43,master,0.12903225806451613
44,colegioarena,0.125
45,colegioglobal,0.125
46,acessosantafelicidade,0.11764705882352941
47,physicsconselheirofurtado,0.11538461538461539
48,casdinhosjc,0.1111111111111111
49,physicsumarizal,0.1111111111111111
50,portinari,0.1111111111111111
51,acessoalmirantetamandare,0.10344827586206896
52,physicsbatistacampos,0.1
53,physicsmacapa,0.08695652173913043
54,contemporaneocidadeverde,0.08333333333333333
55,moppe,0.08333333333333333
56,mariliamattoso,0.08333333333333333
57,stellamarisjuveve,0.07894736842105263
58,colegioeducallis,0.07407407407407407
59,integra,0.07142857142857142
60,colegioguilhermedealmeida,0.07142857142857142
61,colegiojoaopaulo,0.06666666666666667
62,ceprimeiromundo,0.0625
63,acessoboqueirao,0.058823529411764705
64,colegiodasamericas,0.05555555555555555
65,poliedro,0.05
66,alpha,0.047619047619047616
67,colegiosete,0.045454545454545456
68,stellamarisaguaverde,0.045454545454545456
69,overjoaopessoa,0.043478260869565216
70,contemporaneolagoanova,0.038461538461538464
71,acessofazendariogrande,0.03333333333333333
72,acessocampolargo,0.03333333333333333
73,overabelcabral,0.03333333333333333
74,casdvest,0.02857142857142857
75,amadeus,0.02631578947368421
76,crb,0.020338983050847456
77,novotempo,0.017857142857142856
78,apogeu,0.010309278350515464
79,marciliopires,0.0
80,magma,0.0
81,marcelochumer,0.0
82,lumiere,0.0
83,marcelinasbotucatu,0.0
84,maplebearslz,0.0
85,madretereza,0.0
86,magno,0.0
87,maper,0.0
88,luminaedu,0.0
89,maanaim,0.0
90,manoelqueiroz,0.0
91,magna,0.0
92,manoelmarcelino,0.0
93,madresavina,0.0
94,macbrasiliaint,0.0
95,machadodeassispicos,0.0
96,mackenziebrasilia,0.0
97,mackenziesaopaulo,0.0
98,manoelpereira,0.0
99,magnumagostiniano,0.0
100,manoelbatista,0.0
101,mackenzietambore,0.0
102,manoelbernardino,0.0
103,manoelfrancisco,0.0
104,macvest,0.0
105,magnum,0.0
106,abb,0.0
107,lumen,0.0
108,kzdireitodigital,0.0
109,lavraguedes,0.0
110,lasallesp,0.0
111,lasalledores,0.0
112,lasalleaguasclaras,0.0
113,lapisnamao,0.0
114,lapiseartes,0.0
115,lamark,0.0
116,lagracia,0.0
117,laboratoriosromildo,0.0
118,labatualidades,0.0
119,kuadro,0.0
120,luizgonzaga,0.0
121,kl3,0.0
122,kiujo,0.0
123,kijuj,0.0
124,kidsbaby,0.0
125,khanacademy,0.0
126,kerygma,0.0
127,kepler,0.0
128,juntos,0.0
129,juarezwanderley,0.0
130,jpathias,0.0
131,lealecarvalho,0.0
132,leme,0.0
133,leonor,0.0
134,lepetitsp,0.0
135,lucasmadsen,0.0
136,lourencofilho,0.0
137,lourdinascg,0.0
138,losango,0.0
139,logicareforcoescolar,0.0
140,llesser,0.0
141,livreaprender,0.0
142,liviasoares,0.0
143,liviacarneiro,0.0
144,linkandlearn,0.0
145,lighthouse,0.0
146,liessinbarra,0.0
147,liessin,0.0
148,liderasas,0.0
149,mariaaugusta,0.0
150,lidera,0.0
151,liceusalesiano,0.0
152,liceujardim,0.0
153,liceufranco,0.0
154,libanobrasileiro,0.0
155,lerote,0.0
156,marcosfreitas,0.0
157,materdei,0.0
158,mariacarmo,0.0
159,necicem,0.0
160,novaalianca,0.0
161,nova,0.0
162,notredame,0.0
163,nossasenhoradesion,0.0
164,nilip,0.0
165,nihongogakkou,0.0
166,nextgestor,0.0
167,newtonpaiva,0.0
168,nesfa,0.0
169,nep,0.0
170,navegasas,0.0
171,novaepoca,0.0
172,naia,0.0
173,nageljewishacademy,0.0
174,mutiraodesaomarcos,0.0
175,murilorocha,0.0
176,mupi,0.0
177,mundoencantado,0.0
178,mundodeplatao,0.0
179,mundialfranciscobeltrao,0.0
180,mundialcc,0.0
181,msofia,0.0
182,novadimensao,0.0
183,novavisao,0.0
184,mariaeunice,0.0
185,nuvemvoadora,0.0
186,objetivoteresina,0.0
187,objetivosorocaba,0.0
188,objetivosjc,0.0
189,objetivoportal,0.0
190,objetivolorena,0.0
191,objetivohortolandia,0.0
192,objetivogurupi,0.0
193,objetivoguaxupe,0.0
194,objetivocentro,0.0
195,objetivoamericana,0.0
196,nucleocriativo,0.0
197,novoemlasalle,0.0
198,nucleo,0.0
199,nsressureicao,0.0
200,nsgloria,0.0
201,nsfatima,0.0
202,nsdosagradocoracao,0.0
203,nsdasneves,0.0
204,nsdasgracas,0.0
205,nsconceicao,0.0
206,nsaparecida,0.0
207,novooriente,0.0
208,msetemporario,0.0
209,mov,0.0
210,motivacao,0.0
211,marketing,0.0
212,maxime,0.0
213,maxeducacional,0.0
214,matriz,0.0
215,mathmind,0.0
216,josepinheiro,0.0
217,mastersul,0.0
218,mastersolucoes,0.0
219,masternatal,0.0
220,masterbezerra,0.0
221,marqueslima,0.0
222,maristajoaopauloii,0.0
223,motiva,0.0
224,maristadomsilverio,0.0
225,maristacolatina,0.0
226,maristacentronorte,0.0
227,marinanascimento,0.0
228,mariaolinda,0.0
229,marianair,0.0
230,mariamerces,0.0
231,marialuiza,0.0
232,marialeao,0.0
233,marialaura,0.0
234,mayrink,0.0
235,medcel,0.0
236,melquiadescamelo,0.0
237,meninojesuspe,0.0
238,moria,0.0
239,montessori,0.0
240,montedasoliveiras,0.0
241,monsenhorgoncalo,0.0
242,monsenhorfrancisco,0.0
243,moniquebarreto,0.0
244,mocinhagomes,0.0
245,mobile,0.0
246,moaciralves,0.0
247,mls,0.0
248,miraflores,0.0
249,minhalista,0.0
250,milhaense,0.0
251,migueldecervantes,0.0
252,mfecursos,0.0
253,metodocerto,0.0
254,metodistadosul,0.0
255,mestrezecaamancio,0.0
256,mestre,0.0
257,mesalva,0.0
258,mentoring,0.0
259,josesoares,0.0
260,jhg,0.0
261,josemelo,0.0
262,genesislife,0.0
263,gef,0.0
264,gdv,0.0
265,gaylussac,0.0
266,garra,0.0
267,gamt,0.0
268,galois,0.0
269,galileugalilei,0.0
270,gaga,0.0
271,gacc,0.0
272,gabrielrtaliuli,0.0
273,futuroeducacional,0.0
274,fundacaoeducar,0.0
275,fundacaobradesco,0.0
276,ftec,0.0
277,ftd,0.0
278,fsjb,0.0
279,franciscopinto,0.0
280,franciscoperes,0.0
281,franciscanopioxii,0.0
282,forumcultural,0.0
283,formacao,0.0
284,fontenova,0.0
285,fmu,0.0
286,fmit,0.0
287,florestasenadorcanedo,0.0
288,genesiscolegioecurso,0.0
289,genesisstellamaris,0.0
290,highline,0.0
291,genius,0.0
292,harmoniabilingue,0.0
293,hamiltondarocha,0.0
294,hackiandoaeduc,0.0
295,habillis,0.0
296,habilisescolaecurso,0.0
297,habilis,0.0
298,guroo,0.0
299,guilhermefilho,0.0
300,guidotti,0.0
301,gualberto,0.0
302,grupopreve,0.0
303,grupoiep,0.0
304,grandepasso,0.0
305,granbery,0.0
306,gracinha,0.0
307,goncalomartins,0.0
308,gislainerosati,0.0
309,girassolcrecheescola,0.0
310,giramundo,0.0
311,ginasiodeeducacaodavinci,0.0
312,ginasioanchieta,0.0
313,gestaodenegocios,0.0
314,geraeduca,0.0
315,geracaocolegioecurso,0.0
316,gerabixo,0.0
317,flordenicedacosta,0.0
318,fleming,0.0
319,fito,0.0
320,fisicamarginal,0.0
321,evangelicagoianesia,0.0
322,evangcriancafeliz,0.0
323,eurekacolegio,0.0
324,eucorrijo,0.0
325,etsaomatheus,0.0
326,etepsjc,0.0
327,etaf,0.0
328,estudar,0.0
329,estreladedavi,0.0
330,esteioeducacaoadventista,0.0
331,estantemagica,0.0
332,estantefix,0.0
333,esramada,0.0
334,esperoqueestesejaok,0.0
335,esperanza,0.0
336,especificocn,0.0
337,espacolivre,0.0
338,espacoeducar,0.0
339,espacoamais,0.0
340,esmg,0.0
341,escreva,0.0
342,escolinhacaca,0.0
343,escolazeferino,0.0
344,escolavitoriaregia,0.0
345,escolavida,0.0
346,evangelicobebedouro,0.0
347,evangelicobetel,0.0
348,evangelicoce,0.0
349,fatene,0.0
350,fisicainloco,0.0
351,fisicadf,0.0
352,fip,0.0
353,finalizandabagaca,0.0
354,fiep,0.0
355,fide,0.0
356,fernaogaivota,0.0
357,fepcrato,0.0
358,felipemanoelcampos,0.0
359,febave,0.0
360,fazeducacao,0.0
361,fariasbrito,0.0
362,evolucao,0.0
363,faculdadeterranordeste,0.0
364,faculdadejaguariuna,0.0
365,faculdadeguarai,0.0
366,faculdadeflamingo,0.0
367,faculdadeamadeus,0.0
368,facesp,0.0
369,facens,0.0
370,experimentacaogratuita,0.0
371,experimentacao,0.0
372,exitoinstituto,0.0
373,exato,0.0
374,herciliovilanova,0.0
375,hogwarts,0.0
376,josemariano,0.0
377,isem,0.0
378,isaacnewtonsp,0.0
379,iraciveiga,0.0
380,iracilvianunes,0.0
381,iracemarufino,0.0
382,ipresbiterianocf,0.0
383,ipirangasesi,0.0
384,ipi,0.0
385,ipetucurui,0.0
386,ipesimonton,0.0
387,iperesende,0.0
388,ipepirai,0.0
389,ipeonline,0.0
390,ipenilopolis,0.0
391,ipemg,0.0
392,ipeeducacao,0.0
393,ipeccotia,0.0
394,ipec,0.0
395,ipdhsolucoes,0.0
396,ipcf,0.0
397,ipcabofrio,0.0
398,ipanemanotredame,0.0
399,ipae,0.0
400,ios,0.0
401,intensivaocomalu,0.0
402,integraformacoes,0.0
403,isec,0.0
404,isemear,0.0
405,https://colegiomastersp,0.0
406,ispindorama,0.0
407,josehumbertoborges,0.0
408,joseflorencio,0.0
409,josecesario,0.0
410,josecabral,0.0
411,joracycruz,0.0
412,joaoxxiii,0.0
413,joaosampaio,0.0
414,joaorosa,0.0
415,joaopedrodealmeida,0.0
416,joaolyrafilho,0.0
417,joaohmendonca,0.0
418,joaoferreira,0.0
419,joaobelem,0.0
420,obrasilparacristo,0.0
421,jesusmariajose,0.0
422,jeanpiaget,0.0
423,jeanjacquesrousseau,0.0
424,jazzvestibular,0.0
425,jam,0.0
426,jaimekratz,0.0
427,ivv,0.0
428,ivantotola,0.0
429,iter,0.0
430,itamarati,0.0
431,italo,0.0
432,integradaruibarbosa,0.0
433,integradaeducativa,0.0
434,institutosaojose,0.0
435,institutopandavas,0.0
436,imundoideal,0.0
437,implantacao,0.0
438,impactofloriano,0.0
439,imjedu,0.0
440,imhpicos,0.0
441,imep,0.0
442,imaculada,0.0
443,igmk,0.0
444,iftmparacatu,0.0
445,ifaba,0.0
446,iesg,0.0
447,iescamp,0.0
448,iepam,0.0
449,ienh,0.0
450,ienec,0.0
451,idealsagradocoracaodejesus,0.0
452,idealbsb,0.0
453,idb,0.0
454,idaam,0.0
455,iceducacao,0.0
456,ias,0.0
457,iacs,0.0
458,iabcd,0.0
459,humbertocampos,0.0
460,hubeducacional,0.0
461,informacao,0.0
462,ingenious,0.0
463,inovar,0.0
464,institutoeducacaosp,0.0
465,institutomuda,0.0
466,institutomontessori,0.0
467,institutomeninodedeus,0.0
468,institutomariobragancamg,0.0
469,institutomariaauxiliadora,0.0
470,institutokairos,0.0
471,institutoideia,0.0
472,institutoeducacionalsuperacao,0.0
473,institutoeducacionalflorence,0.0
474,institutoeducacionaldeamericana,0.0
475,institutoeducacionalanaoliveira,0.0
476,institutocristaoma,0.0
477,insa,0.0
478,institutocristaoeducacao,0.0
479,institutocristao,0.0
480,institutocolorir,0.0
481,institutocaminhar,0.0
482,institutoauxiliadoradf,0.0
483,institutoadventus,0.0
484,inspiresjc,0.0
485,inspire,0.0
486,inspira,0.0
487,insgmacae,0.0
488,insef,0.0
489,objetivozonanorte,0.0
490,padreeustaquio,0.0
491,oficinadoestudante,0.0
492,shalomblumenau,0.0
493,simulados,0.0
494,simuladoita,0.0
495,simuladoenem2016,0.0
496,simplificaquepassa,0.0
497,simontonsapezal,0.0
498,simontondf,0.0
499,simonealmeida,0.0
500,simbios,0.0
501,sigmacursoecolegio,0.0
502,sidarta,0.0
503,shekinah,0.0
504,sesitaubate,0.0
505,sesiitatiba,0.0
506,sesitatuape,0.0
507,sesisumare,0.0
508,sesisjdoriopreto,0.0
509,sesisjc,0.0
510,sesisbc,0.0
511,sesisaomigueldooeste,0.0
512,sesisaocarlos,0.0
513,sesiportoferreira,0.0
514,sesipinda,0.0
515,sesiparaguacupaulista,0.0
516,sesilimeira,0.0
517,sincroniza,0.0
518,singularidades,0.0
519,siqueirafelix,0.0
520,sistemadeensinogpi,0.0
521,sosmamaecoruja,0.0
522,sonhomeu,0.0
523,sonhodecrianca,0.0
524,solarcursinho,0.0
525,sociedadebread,0.0
526,sobral,0.0
527,smetatui,0.0
528,smerousseau,0.0
529,smepresbiterianopprudente,0.0
530,smemhorebe,0.0
531,smelemeitapeva,0.0
532,smeisaacnewton,0.0
533,smeipebotucatu,0.0
534,smecristaodecastro,0.0
535,smecolegioevangelicoluz,0.0
536,sme,0.0
537,smartz,0.0
538,sjoseegito,0.0
539,sistemaprima,0.0
540,sistemamaster,0.0
541,sistemaincentivo,0.0
542,sistemafb,0.0
543,sistemaeducacionalmaster,0.0
544,sesijacarei,0.0
545,sesiipiranga,0.0
546,spe,0.0
547,saosebastiao,0.0
548,segurancadigital,0.0
549,seculo,0.0
550,secretariadealagoas,0.0
551,scoredu,0.0
552,saturninopereira,0.0
553,saseducacao,0.0
554,sasadaptrelatorios,0.0
555,sasadaptfund,0.0
556,sasadaptem,0.0
557,sasadapt,0.0
558,sap,0.0
559,saoroque,0.0
560,sesiigaracudotiete,0.0
561,saoluiz,0.0
562,saojosecaxiasdosul,0.0
563,saojosecaxias,0.0
564,saojoseal,0.0
565,saojoaoilhabela,0.0
566,saobento,0.0
567,santoantoniojesus,0.0
568,santoantonio,0.0
569,santoamericoteste,0.0
570,santoagostinhomg,0.0
571,santoagostinholeblon,0.0
572,seletivoeducallis,0.0
573,semearjacarei,0.0
574,sementes,0.0
575,senacsc,0.0
576,sesihorto,0.0
577,sesigru,0.0
578,sesigama,0.0
579,sesidescalvado,0.0
580,sesicruzeiro,0.0
581,sesicrixas,0.0
582,sesicotia,0.0
583,sesicic,0.0
584,sesicampinas,0.0
585,sesicacapava,0.0
586,sesibarrabonita,0.0
587,sesiapucarana,0.0
588,sesiamericana,0.0
589,sesialvaresmachado,0.0
590,sesi376,0.0
591,sersorocaba,0.0
592,serios,0.0
593,seomega,0.0
594,senninha,0.0
595,senhorbonfim,0.0
596,senaismo,0.0
597,senaiserra,0.0
598,senaiourobranco,0.0
599,soueducativa,0.0
600,stellamaris,0.0
601,santissimosenhor,0.0
602,vcmaker,0.0
603,vicentecravo,0.0
604,viaquatro,0.0
605,viadeacesso,0.0
606,vetorbrasil,0.0
607,vetor,0.0
608,vestibularcidadao,0.0
609,vertice,0.0
610,veramagaldi,0.0
611,veracruz,0.0
612,venceslauchaves,0.0
613,vencermelhor,0.0
614,vanessaramos,0.0
615,unilan,0.0
616,valsaab,0.0
617,valdemiracoelho,0.0
618,vaivaivaivaivai,0.0
619,usj,0.0
620,ursinhofeliz,0.0
621,uri,0.0
622,universos,0.0
623,universobarcarena,0.0
624,universitas,0.0
625,universitario,0.0
626,universidademetodistasp,0.0
627,vieiraeducacional,0.0
628,vieirasantos,0.0
629,viladainfanciaeusebio,0.0
630,viladainfanciafortaleza,0.0
631,zecarioca,0.0
632,zacariasliberato,0.0
633,yduqs,0.0
634,xvdenovembro,0.0
635,www,0.0
636,witidiomas,0.0
637,wisecash,0.0
638,wise,0.0
639,wilsondeandradebarreto,0.0
640,wererockingitbabe,0.0
641,webinars,0.0
642,walfridocampos,0.0
643,vronlineschool,0.0
644,vivap,0.0
645,vitaldidonet,0.0
646,vitalbrazil,0.0
647,vitae,0.0
648,visaorecife,0.0
649,virgempoderosa,0.0
650,villalobos,0.0
651,vilaolimpia,0.0
652,vilagelin,0.0
653,viladasletras,0.0
654,uninter,0.0
655,unificado,0.0
656,stellamarisxaxim,0.0
657,teotonioneto,0.0
658,testeonzesetembro,0.0
659,testeiory,0.0
660,testeguilherme,0.0
661,testedozeset,0.0
662,testedetoken,0.0
663,testeconquista,0.0
664,teste,0.0
665,tesadsajda,0.0
666,terezaverzeri,0.0
667,terceiromilenio,0.0
668,terceiradimensao,0.0
669,teofilorezende,0.0
670,unicursos,0.0
671,teles,0.0
672,tdd,0.0
673,tableautaubate,0.0
674,tabernaculo,0.0
675,superpasso,0.0
676,supergeeks,0.0
677,superar,0.0
678,suellenenglishteacher,0.0
679,suelenenglishteacher,0.0
680,studos,0.0
681,stone,0.0
682,testetvveconquista,0.0
683,textecnologia,0.0
684,tiaanamaria,0.0
685,tialo,0.0
686,unicep,0.0
687,uniaomissnorte,0.0
688,unevale,0.0
689,unbidiomasjapones,0.0
690,umnomequalquer,0.0
691,umdoisquatro,0.0
692,ultimavezeuespero,0.0
693,ulbraconcordia,0.0
694,ulbra,0.0
695,uirapuru,0.0
696,ufrpe,0.0
697,tuue,0.0
698,tutorio,0.0
699,tsukimi,0.0
700,trattoatelier,0.0
701,topgunverissimo,0.0
702,topguncolombo,0.0
703,topdelinha,0.0
704,tomazdeaquino,0.0
705,tomasdeaquino,0.0
706,todalicao,0.0
707,tiquinhodegente,0.0
708,tiathais,0.0
709,santoagostinho,0.0
710,santenseadventista,0.0
711,oiapoque,0.0
712,poliedropv,0.0
713,positivojoinville,0.0
714,positivojardimambiental,0.0
715,positivoboavista,0.0
716,positivoaguaverde,0.0
717,positivo,0.0
718,portoseguro,0.0
719,porto,0.0
720,portalsas,0.0
721,portalceuaguiar,0.0
722,polisguimarania,0.0
723,poliedrotreinamento,0.0
724,poiujkl,0.0
725,pitagorasjc,0.0
726,pointedu,0.0
727,podion,0.0
728,pluricrecheescola,0.0
729,plurecrecheescola,0.0
730,plural,0.0
731,pleno,0.0
732,playpen,0.0
733,plannetataboao,0.0
734,plannetaosasco,0.0
735,planneta,0.0
736,planetaencantado,0.0
737,positivojunior,0.0
738,positivomaster,0.0
739,positivoon,0.0
740,positivopassocerto,0.0
741,principedapaz,0.0
742,primeiromundo,0.0
743,primeirodemaio,0.0
744,primeirachance,0.0
745,prevest,0.0
746,presbpatominas,0.0
747,presbjuina,0.0
748,presbiterianotatui,0.0
749,presbiterianopresidenteprudente,0.0
750,presbiterianomacae,0.0
751,presbiterianodepiumhi,0.0
752,presbiterianoaraguaia,0.0
753,presbiterianajdsaovicente,0.0
754,presbiterianadogama,0.0
755,presbiterianacastanheira,0.0
756,presbfmc,0.0
757,presbericocardoso,0.0
758,preparavest,0.0
759,preparatec,0.0
760,preparacursos,0.0
761,potenciacao,0.0
762,positivosemeador,0.0
763,positivosantamaria,0.0
764,pitagorasjuruti,0.0
765,pitagorascidadejardim,0.0
766,prisma,0.0
767,overmossoro,0.0
768,patriciafreitas,0.0
769,patriciafigueiredo,0.0
770,parceiros,0.0
771,paraisodosaber,0.0
772,palmares,0.0
773,palasatena,0.0
774,escolasoito,0.0
775,ovquim,0.0
776,overzonanorte,0.0
777,overpontanegra,0.0
778,overnascimentodecastro,0.0
779,overmarciliofurtado,0.0
780,piracicabaeducacaoadventista,0.0
781,overlimaesilva,0.0
782,overcolegioecurso,0.0
783,over,0.0
784,ouse,0.0
785,oswalddeandrade,0.0
786,oswald,0.0
787,osequim,0.0
788,opet,0.0
789,ongcidadededeus,0.0
790,oliveiranetto,0.0
791,olavonunes,0.0
792,patronatosaojose,0.0
793,paulofreire,0.0
794,paulovi,0.0
795,pauloviana,0.0
796,pioxiicolegio,0.0
797,pioxii,0.0
798,pioxi,0.0
799,pinheirosonline,0.0
800,piemonte,0.0
801,physicstrescoracoes,0.0
802,physicsaugustomontenegro,0.0
803,physics,0.0
804,phoenixeducacional,0.0
805,pesenglish,0.0
806,pertinhodanatureza,0.0
807,personalvestibulares,0.0
808,peresguimaraes,0.0
809,pequenospassos,0.0
810,pequenosamuel,0.0
811,pentagono,0.0
812,pensemac,0.0
813,pensecursos,0.0
814,pencantado,0.0
815,pedromurilo,0.0
816,pedrocamelo,0.0
817,pearson,0.0
818,pcf,0.0
819,principius,0.0
820,prismapatrocinio,0.0
821,santarita,0.0
822,relacionamento,0.0
823,ruilima,0.0
824,ruibarbosa,0.0
825,rosadesaron,0.0
826,rogeriolourenco,0.0
827,rodrigogabrielcursosonline,0.0
828,robertomarcal,0.0
829,riscorabisco,0.0
830,riobrancocampinas,0.0
831,ricardowobeto,0.0
832,renascer,0.0
833,renascenca,0.0
834,reisalomao,0.0
835,recriar,0.0
836,reges,0.0
837,reforcotiacoruja,0.0
838,reforcoescolarla,0.0
839,redhouse,0.0
840,redeprojecao,0.0
841,redemarista,0.0
842,redeisaacnewton,0.0
843,redeinspira,0.0
844,redefilhasdejesus,0.0
845,redeclarissas,0.0
846,redeapogeu,0.0
847,ruthgomesfigueira,0.0
848,sabixao,0.0
849,saea,0.0
850,sagradafamilia,0.0
851,santanavest,0.0
852,santamariacn,0.0
853,santamaria,0.0
854,santamarcelina,0.0
855,santaizabel,0.0
856,santahelena,0.0
857,santagertrudes,0.0
858,santadoroteia,0.0
859,santacruz,0.0
860,santaclara,0.0
861,santacatarinaes,0.0
862,santaamalia,0.0
863,sandraoliveira,0.0
864,sanar,0.0
865,salinhadogui,0.0
866,salesianodosalvador,0.0
867,salesianocampos,0.0
868,salesianoaracaju,0.0
869,saladeexatas,0.0
870,saladacristiane,0.0
871,saintmartin,0.0
872,saintgobain,0.0
873,sagradocoracaodejesus,0.0
874,redacaointerativa,0.0
875,recreiochristianschool,0.0
876,proa,0.0
877,professoraleila,0.0
878,projetomoa,0.0
879,projetogauss,0.0
880,projetodeventoempopa,0.0
881,progressaoig,0.0
882,progressaoeducacao,0.0
883,progressaodc,0.0
884,profroberta,0.0
885,profluizbilac,0.0
886,profilton,0.0
887,professormarciodarlen,0.0
888,professorgilberto,0.0
889,professorale,0.0
890,recantointerativo,0.0
891,professoragleise,0.0
892,professoradechines,0.0
893,professor,0.0
894,profeduardo,0.0
895,profederal,0.0
896,profdouglas,0.0
897,profdiego,0.0
898,profcrisfranco,0.0
899,profcelso,0.0
900,proens,0.0
901,prodteste,0.0
902,projetoventoepopa,0.0
903,projetovida,0.0
904,projetovinteeum,0.0
905,propostaatual,0.0
906,recantodosaber,0.0
907,rcaidiomas,0.0
908,raphaeldisanto,0.0
909,raphaelaulasparticulares,0.0
910,raizeducacao,0.0
911,raiodesol,0.0
912,raimundoalves,0.0
913,radial,0.0
914,quimicanadosecerta,0.0
915,questoesvitae,0.0
916,queroaprender,0.0
917,qmdoismildez,0.0
918,qi,0.0
919,qeducadores,0.0
920,purissimo,0.0
921,pulamuralha,0.0
922,pucsp,0.0
923,puccampinas,0.0
924,psantagema,0.0
925,prudentedemorais,0.0
926,providencia,0.0
927,provaspoliedro,0.0
928,prosperi,0.0
929,escolatecnicadoimperador,0.0
930,escolaparticularmaxime,0.0
931,escolasementesdoamanha,0.0
932,challenge,0.0
933,classea,0.0
934,ckadima,0.0
935,cieb,0.0
936,cidadaniaevida,0.0
937,cicerofranklin,0.0
938,ciadosaber,0.0
939,christianschool,0.0
940,chegadeficartestando,0.0
941,chcardoso,0.0
942,charlesdarwin,0.0
943,chamberlain,0.0
944,chacaravivaavida,0.0
945,cmariaimaculada,0.0
946,cfsantoantonio,0.0
947,cfimaculadaconceicao,0.0
948,cfc,0.0
949,cevip,0.0
950,cevangelicoagj,0.0
951,cetutores,0.0
952,ceteb,0.0
953,cesimoesfilho,0.0
954,cesilvapaiva,0.0
955,cesilvamachado,0.0
956,cesemeando,0.0
957,clubedopimpolho,0.0
958,cmc,0.0
959,cesaber,0.0
960,cnsr,0.0
961,colegioabre,0.0
962,colegioabgar,0.0
963,colegio1mundo,0.0
964,colbrasileiro,0.0
965,colband,0.0
966,cognitivo,0.0
967,cognita,0.0
968,coelgiocardeal,0.0
969,cocunidsul,0.0
970,cocaraucaria,0.0
971,coc,0.0
972,cnslpb,0.0
973,cmdpii,0.0
974,cnsl,0.0
975,cnsd,0.0
976,cnsco,0.0
977,cnscarmo,0.0
978,cnsasjc,0.0
979,cnn,0.0
980,cnecporangatu,0.0
981,cnecnovamutum,0.0
982,cmsaipiau,0.0
983,cmpalmas,0.0
984,cmodelo,0.0
985,cesc,0.0
986,certus,0.0
987,colegiofriburgo,0.0
988,cempacanguaretamarn,0.0
989,centrodeensinoserrano,0.0
990,centrodeensinosementinhadofuturo,0.0
991,centrodeensinomoderno,0.0
992,centroarcadenoe,0.0
993,centreensinoetreinamento,0.0
994,centec,0.0
995,censic,0.0
996,cenpec,0.0
997,cenic,0.0
998,cenecistaml,0.0
999,cenaza,0.0
1000,cemonza,0.0
1001,centroedcordeiro,0.0
1002,cemluciamayvore,0.0
1003,cemj,0.0
1004,cemaristasaojose,0.0
1005,cemardf,0.0
1006,cemanoelgoncalves,0.0
1007,cema,0.0
1008,cem,0.0
1009,celp,0.0
1010,celauracabral,0.0
1011,cekerigma,0.0
1012,cejosueroberto,0.0
1013,centroeaviv,0.0
1014,centroeditalva,0.0
1015,cermac,0.0
1016,cepaulofreire,0.0
1017,ceribeirogil,0.0
1018,cerecantointerativo,0.0
1019,cepvilhena,0.0
1020,ceprojetar,0.0
1021,cepresbiterianodebayeux,0.0
1022,ceprabotucatu,0.0
1023,cepquinzedenovembro,0.0
1024,cepotencial,0.0
1025,ceportoseguro,0.0
1026,cepep,0.0
1027,cepe,0.0
1028,cepaulista,0.0
1029,centroeducacionalaprendiz,0.0
1030,cep,0.0
1031,centrosuperiordetecnologia,0.0
1032,centroescolaranamelia,0.0
1033,centroedupincelmagico,0.0
1034,centroeducacionalsonhodedeus,0.0
1035,centroeducacionalmeta,0.0
1036,centroeducacionalkolping,0.0
1037,centroeducacionalinovacao,0.0
1038,centroeducacionalimpar,0.0
1039,centroeducacionalbrasileirinho,0.0
1040,centroeducacionalaviv,0.0
1041,colegioadventista,0.0
1042,colegioadventus,0.0
1043,colegioages,0.0
1044,colegiodasagradafamilia,0.0
1045,colegiodosalvador,0.0
1046,colegiodombosco,0.0
1047,colegiodoctum,0.0
1048,colegiodivinosalvador,0.0
1049,colegiodimensao,0.0
1050,colegiodigital,0.0
1051,colegiodiaspora,0.0
1052,colegiodeovolente,0.0
1053,colegiodeltaserrinha,0.0
1054,colegiodelta,0.0
1055,colegiodelrey,0.0
1056,colegiodarwin,0.0
1057,colegioeag,0.0
1058,colegiodantealighieri,0.0
1059,colegiodante,0.0
1060,colegiocristaopr,0.0
1061,colegiocristaomoc,0.0
1062,colegiocristaoaquas,0.0
1063,colegiocriativo,0.0
1064,colegiocriancaecia,0.0
1065,colegiocrescer,0.0
1066,colegiocpm,0.0
1067,colegioconexaosaber,0.0
1068,colegioconexao,0.0
1069,colegiodosjesuitas,0.0
1070,colegioeccos,0.0
1071,colegioaguiabelojardim,0.0
1072,colegioesmeraldas,0.0
1073,colegiofranciscanoreginapacis,0.0
1074,colegiofenix,0.0
1075,colegiofato,0.0
1076,colegiofarroupilha,0.0
1077,colegioexpressao,0.0
1078,colegioexponencial,0.0
1079,colegioexatus,0.0
1080,colegioevoluir,0.0
1081,colegioevolucaoce,0.0
1082,colegioeverest,0.0
1083,colegioestrutural,0.0
1084,colegioequipeba,0.0
1085,colegioecursomagma,0.0
1086,colegioequipe,0.0
1087,colegioensitec,0.0
1088,colegioenergiaativa,0.0
1089,colegioelshadday,0.0
1090,colegioelshadai,0.0
1091,colegioelo,0.0
1092,colegioeducare,0.0
1093,colegioeduardomarques,0.0
1094,colegioedsonmonteiro,0.0
1095,colegioecursoprogressao,0.0
1096,colegioecursomeninojesus,0.0
1097,colegiocognos,0.0
1098,colegiocoesi,0.0
1099,colegioclarassoti,0.0
1100,colegioanglomorumbi,0.0
1101,colegioatheneu,0.0
1102,colegioathena,0.0
1103,colegioassembleiadedeus,0.0
1104,colegioasas,0.0
1105,colegioarturferreira,0.0
1106,colegioarca,0.0
1107,colegioaprendiz,0.0
1108,colegioapoiomg,0.0
1109,colegioapogeu,0.0
1110,colegioantoninaramos,0.0
1111,colegioanisio,0.0
1112,colegioanchietaii,0.0
1113,colegiockids,0.0
1114,colegioanchietai,0.0
1115,colegioanaliafranco,0.0
1116,colegioamparosurubim,0.0
1117,colegioamericana,0.0
1118,colegioalvaromelo,0.0
1119,colegioalub,0.0
1120,colegioalternativo,0.0
1121,colegioalexandra,0.0
1122,colegioalbertsabin,0.0
1123,colegioalberteinsten,0.0
1124,colegioalberteinstein,0.0
1125,colegioatibaia,0.0
1126,colegioatitude,0.0
1127,colegioauxiliadora,0.0
1128,colegioavanco,0.0
1129,colegiocepe,0.0
1130,colegiocenecistamarica,0.0
1131,colegioceman,0.0
1132,colegiocebrapi,0.0
1133,colegiocatamara,0.0
1134,colegiocastelosp,0.0
1135,colegiocastelodosaber,0.0
1136,colegiocastelo,0.0
1137,colegiocarbonell,0.0
1138,colegiocanarinho,0.0
1139,colegiocaetano,0.0
1140,colegioboasnovas,0.0
1141,colegiobianguloiv,0.0
1142,colegiobiangulo,0.0
1143,colegiobetelbrasileirosp,0.0
1144,colegiobatistavr,0.0
1145,colegiobatistamineiro,0.0
1146,colegiobatistaindependente,0.0
1147,colegiobatistadesantarem,0.0
1148,colegiobatistadepalmas,0.0
1149,colegiobatistadeipiau,0.0
1150,colegiobaraodemaua,0.0
1151,colegiobal,0.0
1152,ceivanilsoncosta,0.0
1153,ceitaipaiva,0.0
1154,cei,0.0
1155,anyway,0.0
1156,apogeupiaget,0.0
1157,apogeuparademinas,0.0
1158,apogeunovohorizonte,0.0
1159,apogeumbcursos,0.0
1160,apogeudivinopolis,0.0
1161,apogeucemap,0.0
1162,apogeubenfica,0.0
1163,apogeuarcoiris,0.0
1164,aog,0.0
1165,aocubovestibular,0.0
1166,aocubo,0.0
1167,antoniovieira,0.0
1168,apogeustoantonio1,0.0
1169,antonioportela,0.0
1170,antoniomelo,0.0
1171,antoniolima,0.0
1172,antoniocesar,0.0
1173,antoniairene,0.0
1174,antaresseisbocas,0.0
1175,antaressantosdumont,0.0
1176,antarespraiadeiracema,0.0
1177,antarespapicu,0.0
1178,antaresjardins,0.0
1179,antaresirmamaria,0.0
1180,apogeupousoalegre,0.0
1181,apogeustoantonio2,0.0
1182,autores,0.0
1183,arquidiocesano,0.0
1184,augustolaranja,0.0
1185,atuall,0.0
1186,atmo,0.0
1187,ativaaprendizagem,0.0
1188,ateneulondrina,0.0
1189,assisbrasil,0.0
1190,asjiu,0.0
1191,asdfghfdsa,0.0
1192,asario,0.0
1193,arturtavares,0.0
1194,arturferreira,0.0
1195,arp,0.0
1196,apogeuuba,0.0
1197,arlindocavalcanti,0.0
1198,aridesa,0.0
1199,arena,0.0
1200,arco,0.0
1201,arcadenoe,0.0
1202,arbosscs,0.0
1203,arbos,0.0
1204,aprovest,0.0
1205,aprendemesmo,0.0
1206,aprendaquimica,0.0
1207,apotec,0.0
1208,antaresfatima,0.0
1209,antaresbarbosadefreitas,0.0
1210,anossaatmosfera,0.0
1211,acessoemilianoperneta,0.0
1212,aees,0.0
1213,aeai,0.0
1214,adventus,0.0
1215,adventistacaxias,0.0
1216,adrianochan,0.0
1217,adilsonfranco,0.0
1218,adeajuda,0.0
1219,acqio,0.0
1220,acessosjpinhais,0.0
1221,acessoportao,0.0
1222,acessohauer,0.0
1223,acessocampolargokids,0.0
1224,animalnaopercebe,0.0
1225,acessocampolardo,0.0
1226,acessoapogeu,0.0
1227,acesso,0.0
1228,academicgeek,0.0
1229,academiadasespecificas,0.0
1230,academiacrista,0.0
1231,academiaboaviagem,0.0
1232,academia,0.0
1233,abm,0.0
1234,abiliomartins,0.0
1235,abgarrenault,0.0
1236,agape,0.0
1237,agathos,0.0
1238,agoramath,0.0
1239,agostiniano,0.0
1240,anima,0.0
1241,anglojacarei,0.0
1242,anglocassianoricardo,0.0
1243,anchietaba,0.0
1244,anchieta,0.0
1245,analise,0.0
1246,americanobatistadapraiadacosta,0.0
1247,amaisteste,0.0
1248,amaismaker,0.0
1249,amais,0.0
1250,alura,0.0
1251,alternativocursoecolegio,0.0
1252,alpheurosa,0.0
1253,alphaacompanhamento,0.0
1254,almirantebarroso,0.0
1255,alfeurosa,0.0
1256,alferomendes,0.0
1257,alfacembilingue,0.0
1258,albertsabin,0.0
1259,albertocabral,0.0
1260,akmaestra,0.0
1261,ahuscao,0.0
1262,aguiasdosaber,0.0
1263,aurora,0.0
1264,auxiliadorarj,0.0
1265,cegetsemani,0.0
1266,catamaravita,0.0
1267,cbpdigital,0.0
1268,cbpalmas,0.0
1269,cbic,0.0
1270,cbbrasileiro,0.0
1271,cbatistanovasiao,0.0
1272,cbas,0.0
1273,cav,0.0
1274,caur,0.0
1275,cats,0.0
1276,catolica,0.0
1277,catarinense,0.0
1278,castroalves,0.0
1279,cce,0.0
1280,castelodeeducacao,0.0
1281,castelinhodosaber,0.0
1282,cascavelense,0.0
1283,carpediem,0.0
1284,carlospicaza,0.0
1285,cardealarcoverde,0.0
1286,cappta,0.0
1287,capellakids,0.0
1288,capacitacaoinspira,0.0
1289,canalrevisao,0.0
1290,campossalles,0.0
1291,ccdivitoriaregia,0.0
1292,cci,0.0
1293,avaliacaoapogeu,0.0
1294,cebnossasenhoraaparecida,0.0
1295,cefa,0.0
1296,ceescolita,0.0
1297,cedecisivo,0.0
1298,cedac,0.0
1299,cecharlesdarwin,0.0
1300,cecgama,0.0
1301,cecenecista,0.0
1302,ceccataguases,0.0
1303,cecbdf,0.0
1304,cecb,0.0
1305,cebnsa,0.0
1306,cebeijaflor,0.0
1307,ccncertificadora,0.0
1308,ceasf,0.0
1309,cearacruz,0.0
1310,ceantoniocarlosmagalhaes,0.0
1311,ceantenorreis,0.0
1312,cealegriadesaber,0.0
1313,ceac,0.0
1314,cdi,0.0
1315,cdf,0.0
1316,cct,0.0
1317,ccserrinha,0.0
1318,ccpa,0.0
1319,campeia,0.0
1320,camp,0.0
1321,camerinocursos,0.0
1322,batistaibicui,0.0
1323,benjamitacardona,0.0
1324,benjaminconstant,0.0
1325,batistavistaalegre,0.0
1326,batistashalon,0.0
1327,batistasaovicente,0.0
1328,batistasantosdumont,0.0
1329,batistariopretense,0.0
1330,batistaregular,0.0
1331,batistanovasiao,0.0
1332,batistamaranata,0.0
1333,batistaindependente,0.0
1334,batistadaprimeira,0.0
1335,cam,0.0
1336,batistaburitis,0.0
1337,batistaagnusdei,0.0
1338,barradevbarranull,0.0
1339,barraazul,0.0
1340,barquinhodepapeldf,0.0
1341,baraodemaua,0.0
1342,bancodequestoesgratuito,0.0
1343,bancodequestoes,0.0
1344,bahema,0.0
1345,babyhouse,0.0
1346,babycamp,0.0
1347,berlaar,0.0
1348,bernardosayao,0.0
1349,bertelsmann,0.0
1350,betesda,0.0
1351,calculo2,0.0
1352,cadern,0.0
1353,cacbab,0.0
1354,c7s,0.0
1355,buser,0.0
1356,bumerangeprofissoes,0.0
1357,buddys,0.0
1358,brasilsoft,0.0
1359,brasilcursinhos,0.0
1360,bragaenglish,0.0
1361,bozano,0.0
1362,bosquemananciais,0.0
1363,borgesamorim,0.0
1364,borapassar,0.0
1365,bonfim,0.0
1366,bondienglish,0.0
1367,boaviagem,0.0
1368,blumenaucoc,0.0
1369,blueschooleducacional,0.0
1370,biologiaprofluis,0.0
1371,biologiabarauna,0.0
1372,bilac,0.0
1373,betuel,0.0
1374,colegiofredericoozanam,0.0
1375,colegiofuturageracao,0.0
1376,escolasapiencia,0.0
1377,educallesser,0.0
1378,educarse,0.0
1379,educardpaschoal,0.0
1380,educaprime,0.0
1381,educandusilha,0.0
1382,educandarioterciocorreia,0.0
1383,educandarionospassosdejesus,0.0
1384,educandariogoncalvesdearaujo,0.0
1385,educandariodosaber,0.0
1386,educandario,0.0
1387,educamob,0.0
1388,educamais,0.0
1389,educacionalsemear,0.0
1390,educglauberrocha,0.0
1391,educacional,0.0
1392,educacaoinfantilsemear,0.0
1393,edlauravicuna,0.0
1394,edivancalixto,0.0
1395,editoracristaevangelica,0.0
1396,edificandogeracoes,0.0
1397,edhumbertodecampos,0.0
1398,ecompo,0.0
1399,ecml,0.0
1400,ecatuparticipacoes,0.0
1401,ecaminhodosanjos,0.0
1402,educativasaocarlos,0.0
1403,eduqo,0.0
1404,ebei,0.0
1405,ejjg,0.0
1406,embaixadores,0.0
1407,elvirabrandao,0.0
1408,eluneonline,0.0
1409,eloeducacional,0.0
1410,eliza,0.0
1411,eliteemilianoperneta,0.0
1412,elitecuritibaemilianoperneta,0.0
1413,elitecuritiba,0.0
1414,elev,0.0
1415,eletron,0.0
1416,eldapereira,0.0
1417,einsteinassis,0.0
1418,eduqualis,0.0
1419,eicoracaodemaria,0.0
1420,egocg,0.0
1421,efaculdades,0.0
1422,eepensareagir,0.0
1423,eemariahelenadasilva,0.0
1424,eemanaus,0.0
1425,eeheitor,0.0
1426,eeemba,0.0
1427,eeejds,0.0
1428,eeagm,0.0
1429,eeacg,0.0
1430,eblighthouse,0.0
1431,ebcd,0.0
1432,colegiofuturomg,0.0
1433,dantealighieri,0.0
1434,dimensaopa,0.0
1435,dimensao,0.0
1436,dialeticacursos,0.0
1437,devry,0.0
1438,descomplica,0.0
1439,deltaeducacional,0.0
1440,delta,0.0
1441,dcc,0.0
1442,dbosco,0.0
1443,darwinvilavelha,0.0
1444,darwin,0.0
1445,dante,0.0
1446,discere,0.0
1447,cursosazambuja,0.0
1448,cursoprogressao,0.0
1449,cursologhus,0.0
1450,cursoleopoldo,0.0
1451,cursoisfera,0.0
1452,cursofap,0.0
1453,cursoequacao,0.0
1454,cursoenfase,0.0
1455,cursocn,0.0
1456,cursoclaudiomuniz,0.0
1457,cursobase,0.0
1458,dionysia,0.0
1459,djangogirls,0.0
1460,ebatistadeipiau,0.0
1461,dpaschoal,0.0
1462,earcadenoe,0.0
1463,eajam,0.0
1464,eag,0.0
1465,eadcmm,0.0
1466,eacs,0.0
1467,eacorcovado,0.0
1468,eabsf,0.0
1469,e24h,0.0
1470,duquecastilho,0.0
1471,duque,0.0
1472,dsjujy,0.0
1473,dorothea,0.0
1474,djanirapereira,0.0
1475,domus,0.0
1476,dominusprincipius,0.0
1477,dominiusprincipius,0.0
1478,dominius,0.0
1479,domhelder,0.0
1480,domboscoos,0.0
1481,domboscogru,0.0
1482,dombosco,0.0
1483,dom,0.0
1484,dokimos,0.0
1485,dlp,0.0
1486,emece,0.0
1487,emefmaria,0.0
1488,emgovernadorleonelbrizola,0.0
1489,escolainewton,0.0
1490,escolamariabernarda,0.0
1491,escolaleticiateixeira,0.0
1492,escolakodomo,0.0
1493,escolakadima,0.0
1494,escolajoseflorencio,0.0
1495,escolajoseamerico,0.0
1496,escolajoaocalvino,0.0
1497,escolajardimdasnacoes,0.0
1498,escolainternacionalgoiania,0.0
1499,escolainternacional,0.0
1500,escolainovacao,0.0
1501,escolaimpacto,0.0
1502,escolamaster,0.0
1503,escolaidaam,0.0
1504,escolahwallon,0.0
1505,escolagregorio,0.0
1506,escolagpc,0.0
1507,escolagovernadorluiz,0.0
1508,escolagenesisbrejo,0.0
1509,escolagenesis,0.0
1510,escolagappe,0.0
1511,escolaformacao,0.0
1512,escolafamiliaagricula,0.0
1513,escolaespacoeducacao,0.0
1514,escolamaritel,0.0
1515,escolamobile,0.0
1516,emiliaferreiro,0.0
1517,escolapresblp,0.0
1518,escolasanti,0.0
1519,escolasantamarta,0.0
1520,escolasantamariagoretti,0.0
1521,escolasantamaria,0.0
1522,escolasantaclara,0.0
1523,escolasantacatarina,0.0
1524,escolargf,0.0
1525,escolarealeza,0.0
1526,escolaraulpilla,0.0
1527,escolaraiodeluz,0.0
1528,escolaprofessorxavier,0.0
1529,escolapresbiterianadecanal,0.0
1530,escolamodelada,0.0
1531,escolapresb,0.0
1532,escolapppp,0.0
1533,escolaporprincipios,0.0
1534,escolapmundo,0.0
1535,escolapaulofreire,0.0
1536,abdiasmartins,0.0
1537,escolaolavonunes,0.0
1538,escolanormal,0.0
1539,escolanie,0.0
1540,escolamonza,0.0
1541,escolamonteirolobato,0.0
1542,escolaesfera,0.0
1543,escolaeducativa,0.0
1544,escolaeboasnovas,0.0
1545,eokiko,0.0
1546,escolaalpha,0.0
1547,escolaalencar,0.0
1548,escolaalecrim,0.0
1549,escolaagnusdei,0.0
1550,escola,0.0
1551,eremamaurydemedeiros,0.0
1552,erasmobraga,0.0
1553,equiperecife,0.0
1554,equipepontenova,0.0
1555,equipea,0.0
1556,equalizar,0.0
1557,entendabncc,0.0
1558,escoladomingossavio,0.0
1559,ensinoteclondrina,0.0
1560,ensinarbrasil,0.0
1561,ensinando,0.0
1562,ensinamais,0.0
1563,enovoalvo,0.0
1564,englishclub,0.0
1565,englishclass,0.0
1566,engenhomoscou,0.0
1567,energiaativa,0.0
1568,enec,0.0
1569,emsaopedro,0.0
1570,escolaarcasp,0.0
1571,escolabatistacriativa,0.0
1572,escolabedelandia,0.0
1573,escolabemmequer,0.0
1574,escoladofuturo,0.0
1575,escoladinamicaiturama,0.0
1576,escoladeimpacto,0.0
1577,escoladauri,0.0
1578,escolacristorei,0.0
1579,escolacristasumare,0.0
1580,escolacristanavarzea,0.0
1581,escolacristal,0.0
1582,escolacristaempiedade,0.0
1583,escolacristaemaldeia,0.0
1584,escolacristacandeias,0.0
1585,escolacristaboaviagem,0.0
1586,escolacristaba,0.0
1587,escolacrescimento,0.0
1588,escolaceuazul,0.0
1589,escolacenesitaml,0.0
1590,escolacemepe,0.0
1591,escolaceciliameireles,0.0
1592,escolacastroalves,0.0
1593,escolacastelokids,0.0
1594,escolacastanheiras,0.0
1595,escolabezerrademenezes,0.0
1596,escolabetuel,0.0
1597,cursoacre,0.0
1598,cursinhoines,0.0
1599,cursinhoeach,0.0
1600,colegiomotiva,0.0
1601,colegioodysseus,0.0
1602,colegioocteto,0.0
1603,colegioobjetivosorocaba,0.0
1604,colegionovopatio,0.0
1605,colegionovageracao,0.0
1606,colegionotadez,0.0
1607,colegionossasenhoradelourdes,0.0
1608,colegionobre,0.0
1609,colegionazareth,0.0
1610,colegionatureza,0.0
1611,colegiomundoideal,0.0
1612,colegiomontessori,0.0
1613,colegiootacilio,0.0
1614,colegiomontesclaros,0.0
1615,colegiomonjolo,0.0
1616,colegiomodulo,0.0
1617,colegiomilitardompedroii,0.0
1618,colegiometropolitan,0.0
1619,colegiomeninojesus,0.0
1620,colegiomenezesesousa,0.0
1621,colegiomauriciosalles,0.0
1622,colegiomastersp,0.0
1623,colegiomasternatal,0.0
1624,colegiomaster,0.0
1625,colegioomega,0.0
1626,colegiopadreeustaquio,0.0
1627,colegiosaloni,0.0
1628,colegioprogresso,0.0
1629,colegiosagradocoracaobvp,0.0
1630,colegiosagradafamilia,0.0
1631,colegiorodriguesdias,0.0
1632,colegioriobranco,0.0
1633,colegiorgf,0.0
1634,colegioraiodesol,0.0
1635,colegiorainhadobrasil,0.0
1636,colegioradar,0.0
1637,colegioquadrangular,0.0
1638,colegiopurissimo,0.0
1639,colegiopurificacao,0.0
1640,colegioprimeiromundo,0.0
1641,colegiopalmares,0.0
1642,colegioprevejau,0.0
1643,colegiopresbiterianosimonton,0.0
1644,colegiopresbiterianobras,0.0
1645,colegiopremiumgentil,0.0
1646,colegiopremium,0.0
1647,colegioportadosol,0.0
1648,colegioplus,0.0
1649,colegiopitagoraspe,0.0
1650,colegiopetropolis,0.0
1651,colegiopel,0.0
1652,colegiopassionista,0.0
1653,colegiomartinus,0.0
1654,colegiomarthafalcao,0.0
1655,colegiomaristaparanaense,0.0
1656,colegioideal,0.0
1657,colegioirmamariele,0.0
1658,colegioipe,0.0
1659,colegiointensivo,0.0
1660,colegiointegralsolar,0.0
1661,colegiointegral,0.0
1662,colegiointegracaoonline,0.0
1663,colegioincomar,0.0
1664,colegioinaci,0.0
1665,colegioimperial,0.0
1666,colegioiguatemy,0.0
1667,colegioidealbrasilia,0.0
1668,colegiohelyos,0.0
1669,colegiomarilia,0.0
1670,colegiohelioalonso,0.0
1671,colegiohbc,0.0
1672,colegiogradual,0.0
1673,colegiograciosa,0.0
1674,colegiogracilianoramos,0.0
1675,colegiogibran,0.0
1676,colegiogetsemani,0.0
1677,colegiogarra,0.0
1678,colegiogamaliel,0.0
1679,colegiogalileu,0.0
1680,colegiofuturope,0.0
1681,colegioitalo,0.0
1682,colegioitamarati,0.0
1683,colegiojk,0.0
1684,colegiojoliveira,0.0
1685,colegiomariahelena,0.0
1686,colegiomargirus,0.0
1687,colegiomarcondes,0.0
1688,colegiomarcioseno,0.0
1689,colegiomagnum,0.0
1690,colegiomagno,0.0
1691,colegiomadrededeus,0.0
1692,colegiolumiar,0.0
1693,colegioluizacora,0.0
1694,colegioloyola,0.0
1695,colegiolouveira,0.0
1696,colegiolobato,0.0
1697,colegiolimanogueira,0.0
1698,colegioliliental,0.0
1699,colegiolider,0.0
1700,colegioliceujardim,0.0
1701,colegioliceu,0.0
1702,colegiolemeitapeva,0.0
1703,colegiolegado,0.0
1704,colegiolebiste,0.0
1705,colegiolasalleaguasclaras,0.0
1706,colegiolamarck,0.0
1707,colegiojosealencar,0.0
1708,colegiosalesianorn,0.0
1709,colegiosantaangela,0.0
1710,culturainglesa,0.0
1711,consepe,0.0
1712,cparaiso,0.0
1713,cotemig,0.0
1714,coopermundi,0.0
1715,coopenriopreto,0.0
1716,coopeccaetite,0.0
1717,cooeduc,0.0
1718,cooedita,0.0
1719,conteudos6,0.0
1720,conteudos,0.0
1721,contemporaneo,0.0
1722,contec,0.0
1723,conradochaves,0.0
1724,cpchamberlain,0.0
1725,conosquinho,0.0
1726,conosco,0.0
1727,conib,0.0
1728,conhecereducacional,0.0
1729,confessionalmonza,0.0
1730,conexaosaber,0.0
1731,conexao,0.0
1732,concordia,0.0
1733,comeniusuberaba,0.0
1734,comenius,0.0
1735,colsaojose,0.0
1736,cpcentenario,0.0
1737,cpresbsp,0.0
1738,colegiosantacatarina,0.0
1739,cs,0.0
1740,ctem,0.0
1741,ctbmsa,0.0
1742,csvp,0.0
1743,cssg,0.0
1744,csmabh,0.0
1745,csjcanguaretamarn,0.0
1746,cscgo,0.0
1747,cscatarina,0.0
1748,csasp,0.0
1749,csaci,0.0
1750,csa,0.0
1751,cruzesousa,0.0
1752,cpv,0.0
1753,cruzeiro,0.0
1754,crlicaoevida,0.0
1755,cristoreimarau,0.0
1756,cristaonovavida,0.0
1757,cristaodapenha,0.0
1758,cristaoantenorthomazi,0.0
1759,cristadecuritiba,0.0
1760,criancaesperanca,0.0
1761,crescercampinas,0.0
1762,crecei,0.0
1763,cpvc,0.0
1764,colsantamaria,0.0
1765,colsantacatarina,0.0
1766,colsaberviver,0.0
1767,colegiosaocarlos,0.0
1768,colegioser,0.0
1769,colegiosepp,0.0
1770,colegiosenes,0.0
1771,colegioseal,0.0
1772,colegiosaosalvador,0.0
1773,colegiosaomiguel,0.0
1774,colegiosaomateus,0.0
1775,colegiosaoluis,0.0
1776,colegiosaolucas,0.0
1777,colegiosaojudas,0.0
1778,colegiosaojose,0.0
1779,colegiosantotomasdeaquino,0.0
1780,colprogressao,0.0
1781,colegiosantoandre,0.0
1782,colegiosantateresinha,0.0
1783,colegiosantanapr,0.0
1784,colegiosantamonicalimoeiro,0.0
1785,colegiosantamariaminas,0.0
1786,colegiosantamaria,0.0
1787,colegiosantamarcelina,0.0
1788,colegiosantaesmeralda,0.0
1789,colegiosantadoroteia,0.0
1790,colegiosantaclara,0.0
1791,colegiosantacecilia,0.0
1792,colegioserecrescer,0.0
1793,colegioshalom,0.0
1794,colegiosincrona,0.0
1795,colegiosp,0.0
1796,coloniadosaber,0.0
1797,coleguium,0.0
1798,colegiozerohum,0.0
1799,colegiozenite,0.0
1800,colegiovivopiracicaba,0.0
1801,colegiovitoriaregia,0.0
1802,colegiovitoria,0.0
1803,colegioveiga,0.0
1804,colegiovalparaiso,0.0
1805,colegioup,0.0
1806,colegiouniverso,0.0
1807,colegiouniversitario,0.0
1808,colegiounirs,0.0
1809,colegiounidadejardim,0.0
1810,colegiouneouro,0.0
1811,colegiouirapuru,0.0
1812,colegiotravessia,0.0
1813,colegioteleyos,0.0
1814,colegiotelesmourabrasil,0.0
1815,colegiotelescastelao,0.0
1816,colegiosuzart,0.0
1817,colegiosussurana,0.0
1818,colegiosupremodaamazonia,0.0
1819,zoe,0.0
