,index,namespace,Porcentagem de professores que visualizaram relat√≥rios de AD
0,837,ismart,0.5
1,608,equipe,0.5
2,121,beityaacov,0.5
3,847,jardimsaopaulo,0.18181818181818182
4,572,educarse,0.13333333333333333
5,297,colegiocb,0.11538461538461539
6,1304,spdacruz,0.09375
7,916,magister,0.07142857142857142
8,11,acessofazendariogrande,0.05405405405405406
9,1085,portinari,0.05333333333333334
10,1346,universitariolondrina,0.05084745762711865
11,939,mariliamattoso,0.04838709677419355
12,1308,stellamarisjuveve,0.043859649122807015
13,1309,stellamarisxaxim,0.041666666666666664
14,271,colegioalphaunis,0.04
15,26,aescobjetivo,0.03773584905660377
16,1196,santoamerico,0.02830188679245283
17,1065,physicsaugustomontenegro,0.02666666666666667
18,1307,stellamarisaguaverde,0.025
19,1034,overmossoro,0.025
20,156,casdvest,0.02
21,1066,physicsbatistacampos,0.019230769230769232
22,317,colegioecursodesafio,0.015873015873015872
23,354,colegiojoaopaulo,0.013888888888888888
24,35,alpha,0.013333333333333334
25,943,master,0.011494252873563218
26,1067,physicscidadenova,0.010638297872340425
27,1144,qescola,0.00684931506849315
28,928,maplebearslz,0.0
29,0,aba,0.0
30,927,maper,0.0
31,926,manoelqueiroz,0.0
32,930,mariaantonia,0.0
33,925,manoelmarcelino,0.0
34,924,manoelfrancisco,0.0
35,923,manoelbernardino,0.0
36,922,manoelbatista,0.0
37,921,magnumagostiniano,0.0
38,920,magnum,0.0
39,929,marcelochumer,0.0
40,933,mariaeunice,0.0
41,931,mariaaugusta,0.0
42,932,mariacarmo,0.0
43,949,matriz,0.0
44,948,materdei,0.0
45,947,matematica,0.0
46,946,mastersul,0.0
47,945,mastersolucoes,0.0
48,944,mastersaoluis,0.0
49,942,marqueslima,0.0
50,941,maristateresina,0.0
51,940,maristadomsilverio,0.0
52,938,mariaolinda,0.0
53,937,marianair,0.0
54,936,mariamerces,0.0
55,935,marialeao,0.0
56,934,marialaura,0.0
57,918,magma,0.0
58,919,magno,0.0
59,911,mackenziebrasilia,0.0
60,917,magistral,0.0
61,885,lasalledores,0.0
62,893,liceujardim,0.0
63,892,lgp,0.0
64,891,lerote,0.0
65,890,lepetitsp,0.0
66,889,leonor,0.0
67,888,lealecarvalho,0.0
68,887,lauramatos,0.0
69,886,lasallesp,0.0
70,884,lasalleaguasclaras,0.0
71,915,maededeus,0.0
72,883,lasalle,0.0
73,882,lapiseartes,0.0
74,881,laboratoriosromildo,0.0
75,880,lab,0.0
76,879,kuadro,0.0
77,878,kidsbaby,0.0
78,877,katrodrigues,0.0
79,876,katirodrigues,0.0
80,894,liderasas,0.0
81,895,liessin,0.0
82,896,liessinbarra,0.0
83,897,lighthouse,0.0
84,914,macvest,0.0
85,913,mackenzietambore,0.0
86,912,mackenziesaopaulo,0.0
87,951,maxime,0.0
88,910,macbrasiliaint,0.0
89,909,maanaim,0.0
90,908,luminaedu,0.0
91,907,lumiere,0.0
92,906,lumen,0.0
93,905,luizgonzaga,0.0
94,904,lourencofilho,0.0
95,903,lourenco,0.0
96,902,lkioio,0.0
97,901,livreaprender,0.0
98,900,liviasoares,0.0
99,899,litteratus,0.0
100,898,limanogueira,0.0
101,950,maxeducacional,0.0
102,958,metodistadosul,0.0
103,952,medcel,0.0
104,1014,objetivolorena,0.0
105,1012,objetivohortolandia,0.0
106,1011,objetivocentro,0.0
107,1010,objetivoamericana,0.0
108,1009,nucleocriativo,0.0
109,1008,nucleo,0.0
110,1007,nsgloria,0.0
111,1006,nsfatima,0.0
112,1005,nsdasneves,0.0
113,1004,nsdasgracas,0.0
114,1003,nsconceicao,0.0
115,1002,novotempo,0.0
116,1001,novavisao,0.0
117,1000,novaepoca,0.0
118,999,novadimensao,0.0
119,998,novaalianca,0.0
120,997,notredame,0.0
121,996,nossasenhoradesion,0.0
122,1013,objetivoitanhandu,0.0
123,1015,objetivomairinque,0.0
124,994,nesfa,0.0
125,1016,objetivoportal,0.0
126,1033,overmarciliofurtado,0.0
127,1032,overlimaesilva,0.0
128,1031,overjoaopessoa,0.0
129,1030,overabelcabral,0.0
130,1029,ouse,0.0
131,1028,oswalddeandrade,0.0
132,1027,oswald,0.0
133,1026,olivierfurtado,0.0
134,1025,oliveiranetto,0.0
135,1024,olavonunes,0.0
136,1023,oficinadoestudante,0.0
137,1022,odariconascimento,0.0
138,1021,obrasilparacristo,0.0
139,1020,objetivozonanorte,0.0
140,1019,objetivovgp,0.0
141,1018,objetivoteresina,0.0
142,1017,objetivoraiodesol,0.0
143,995,nihongogakkou,0.0
144,993,neppraiadacosta,0.0
145,953,melquiadescamelo,0.0
146,972,monsenhorgoncalo,0.0
147,970,mojuca,0.0
148,969,mocinhagomes,0.0
149,968,mobile,0.0
150,967,moaciralves,0.0
151,966,mls,0.0
152,965,ministrodafazenda,0.0
153,964,minhalista,0.0
154,963,milenamadeira,0.0
155,962,migueldecervantes,0.0
156,961,mfecursos,0.0
157,960,metropolitanojunior,0.0
158,959,metodocerto,0.0
159,874,juarezwanderley,0.0
160,957,meta,0.0
161,956,mestre,0.0
162,955,mentoring,0.0
163,954,mendesrios,0.0
164,971,monsenhorfrancisco,0.0
165,973,montedasoliveiras,0.0
166,992,nepitaparica,0.0
167,974,montenegrofilho,0.0
168,991,nepesitaparica,0.0
169,990,nep,0.0
170,989,neila,0.0
171,988,necicem,0.0
172,987,near,0.0
173,986,navegasas,0.0
174,985,naia,0.0
175,984,murilorocha,0.0
176,983,mundoencantado,0.0
177,982,mundodeplatao,0.0
178,981,mundoarteceb,0.0
179,980,mundialfranciscobeltrao,0.0
180,979,msetemporario,0.0
181,978,motivacao,0.0
182,977,motiva,0.0
183,976,moria,0.0
184,975,moppe,0.0
185,875,juntos,0.0
186,866,joseflorencio,0.0
187,873,jpn,0.0
188,753,gaylussac,0.0
189,761,geraldob,0.0
190,760,geracaocolegioecurso,0.0
191,759,geracao2001,0.0
192,758,gerabixo,0.0
193,757,georgestein,0.0
194,756,genesislife,0.0
195,755,geneduc,0.0
196,754,gegsjcampos,0.0
197,752,garra,0.0
198,763,giramundo,0.0
199,751,gamt,0.0
200,750,galois,0.0
201,749,gaga,0.0
202,748,gacc,0.0
203,747,fundacaobradesco,0.0
204,746,ftec,0.0
205,745,ftd,0.0
206,744,francobrasileiro,0.0
207,762,ginasioanchieta,0.0
208,764,goncalomartins,0.0
209,872,josesoares,0.0
210,775,hamiltondarocha,0.0
211,783,idealbsb,0.0
212,782,idb,0.0
213,781,idaam,0.0
214,780,iceducacao,0.0
215,779,ias,0.0
216,778,iabcd,0.0
217,777,humus,0.0
218,776,herciliovilanova,0.0
219,774,hackiandoaeduc,0.0
220,765,grandepasso,0.0
221,773,habillis,0.0
222,772,habilisescolaecurso,0.0
223,771,gustavo,0.0
224,770,guroo,0.0
225,769,guilhermefilho,0.0
226,768,gualberto,0.0
227,767,guairaca,0.0
228,766,gremioescolarserrano,0.0
229,743,franciscopinto,0.0
230,742,franciscoperes,0.0
231,741,franciscolobo,0.0
232,710,evolucao,0.0
233,718,famacanguarn,0.0
234,717,faculdadeflamingo,0.0
235,716,faculdadeamadeus,0.0
236,715,externatocrespo,0.0
237,714,experimente,0.0
238,713,experimentacaogratuita,0.0
239,712,excelente,0.0
240,711,exato,0.0
241,709,evdl,0.0
242,740,franciscanopioxii,0.0
243,708,evangelicobetel,0.0
244,707,evangelicagoianesia,0.0
245,706,evangelhosimples,0.0
246,705,evangcriancafeliz,0.0
247,704,euquerotchu,0.0
248,703,etepsjc,0.0
249,702,estreladedavi,0.0
250,701,estreladamanha,0.0
251,719,fame,0.0
252,720,fariabrito,0.0
253,721,fazeducacao,0.0
254,722,fecap,0.0
255,739,forumcultural,0.0
256,738,formacao,0.0
257,737,fontenova,0.0
258,736,florence,0.0
259,735,fleming,0.0
260,734,fito,0.0
261,733,fisicainloco,0.0
262,732,fisicadf,0.0
263,731,fisica,0.0
264,730,finalizandabagaca,0.0
265,729,filipegoncalves,0.0
266,728,filgueiras,0.0
267,727,fiep,0.0
268,726,fide,0.0
269,725,fernaogaivota,0.0
270,724,fepcrato,0.0
271,723,felipemanoelcampos,0.0
272,784,iecm,0.0
273,785,iegcolegioecurso,0.0
274,786,ienec,0.0
275,841,itamarati,0.0
276,850,jeanjacquesrousseau,0.0
277,849,jazzvestibular,0.0
278,848,java,0.0
279,846,jardimaprender,0.0
280,845,janainadias,0.0
281,844,jam,0.0
282,843,jaimekratz,0.0
283,842,ivv,0.0
284,840,itamarataizes,0.0
285,829,iracemarufino,0.0
286,839,italo,0.0
287,838,ita,0.0
288,836,isj,0.0
289,835,isemear,0.0
290,834,isem,0.0
291,833,isec,0.0
292,832,isadoralemos,0.0
293,831,isaacnewtonsp,0.0
294,851,jeanpiaget,0.0
295,852,jesusmariajose,0.0
296,853,jeucnovageracao,0.0
297,854,jlinstvve,0.0
298,871,josepinheiro,0.0
299,870,josepiaulino,0.0
300,869,josepaulino,0.0
301,868,josemelo,0.0
302,867,josemariano,0.0
303,1036,overpontanegra,0.0
304,865,josecabral,0.0
305,864,jorgeaugusto,0.0
306,863,joracycruz,0.0
307,862,joaoxxiii,0.0
308,861,joaosampaio,0.0
309,860,joaorosa,0.0
310,859,joaopedrodealmeida,0.0
311,858,joaohmendonca,0.0
312,857,joaogoulartjp,0.0
313,856,joaoferreira,0.0
314,855,joaobelem,0.0
315,830,iracilvianunes,0.0
316,828,ipresbiterianocf,0.0
317,787,iescamp,0.0
318,797,insa,0.0
319,805,institutocristao,0.0
320,804,institutocaminhar,0.0
321,803,institutoauxiliadoradf,0.0
322,802,institutoauxiliadora,0.0
323,801,inspiresjc,0.0
324,800,inspire,0.0
325,799,inspiracao,0.0
326,798,inspira,0.0
327,796,informacao,0.0
328,827,ipetucurui,0.0
329,795,imundoideal,0.0
330,794,implantacaoremota,0.0
331,793,imeducacao,0.0
332,792,imaculada,0.0
333,791,igmk,0.0
334,790,igd,0.0
335,789,ieveralucia,0.0
336,788,iesementes,0.0
337,806,institutocristaoeducacao,0.0
338,807,institutoeducacaosp,0.0
339,808,institutoeurofarma,0.0
340,809,institutoideia,0.0
341,826,ipesimonton,0.0
342,825,iperesende,0.0
343,824,ipepirai,0.0
344,823,ipenilopolis,0.0
345,822,ipemg,0.0
346,821,ipec,0.0
347,820,ipdhsolucoes,0.0
348,819,ipcabofrio,0.0
349,818,invictus,0.0
350,817,invertida,0.0
351,816,integradotatui,0.0
352,815,integradaeducativa,0.0
353,814,integra,0.0
354,813,institutotecnicodoplanalto,0.0
355,812,institutosaojose,0.0
356,811,institutomariaauxiliadora,0.0
357,810,institutokairos,0.0
358,1035,overnascimentodecastro,0.0
359,1045,paulovi,0.0
360,1037,overzonanorte,0.0
361,1265,sidarta,0.0
362,1273,singularidades,0.0
363,1272,sincroniza,0.0
364,1271,simulados,0.0
365,1270,simuladoita,0.0
366,1269,simplificaquepassa,0.0
367,1268,simontonsapezal,0.0
368,1267,simontondf,0.0
369,1266,simbios,0.0
370,1264,shekinah,0.0
371,1296,smevilaura,0.0
372,1263,shalomblumenau,0.0
373,1262,sfhfakhfakfakj,0.0
374,1261,setrem,0.0
375,1260,setedesetembro,0.0
376,1259,sesitaubate,0.0
377,1258,sesisumare,0.0
378,1257,sesisjdoriopreto,0.0
379,1256,sesisbc,0.0
380,1274,sistemadeensinogpi,0.0
381,1275,sistemaeducacionalmaster,0.0
382,1276,sistemafb,0.0
383,1277,sistemaincentivo,0.0
384,1294,smerousseau,0.0
385,1293,smepresbiterianopprudente,0.0
386,1292,smemundodeplatao,0.0
387,1291,smemhorebe,0.0
388,1290,smelemeitapeva,0.0
389,1289,smelamarck,0.0
390,1288,smeisaacnewton,0.0
391,1287,smeipebotucatu,0.0
392,1286,smecristaodecastro,0.0
393,1285,smecolegiorgf,0.0
394,1284,smecolegiojjr,0.0
395,1283,smecolegioevangelicoluz,0.0
396,1282,smecbvm,0.0
397,1281,sme,0.0
398,1280,smartz,0.0
399,1279,sjoseegito,0.0
400,1278,sistemaprima,0.0
401,1255,sesisaocarlos,0.0
402,1254,sesisantos,0.0
403,1253,sesiportoferreira,0.0
404,1232,serjundiai,0.0
405,1230,seomega,0.0
406,1229,senninha,0.0
407,1228,senhorbonfim,0.0
408,1227,senaitocantins,0.0
409,1226,senaismo,0.0
410,1225,senaiourobranco,0.0
411,1224,senai,0.0
412,1223,semearjacarei,0.0
413,1222,semeares,0.0
414,1221,selecao,0.0
415,1220,segurancadigital,0.0
416,1219,scopum,0.0
417,1218,saturninopereira,0.0
418,1217,saseducacao,0.0
419,1216,sasadaptteste,0.0
420,1215,sasadaptrelatorios,0.0
421,1214,sasadaptfund,0.0
422,1231,serios,0.0
423,1233,sersorocaba,0.0
424,1252,sesipinda,0.0
425,1234,sesi207,0.0
426,1251,sesiparaguacupaulista,0.0
427,1250,sesilimeira,0.0
428,1249,sesiitatiba,0.0
429,1248,sesiipiranga,0.0
430,1247,sesiigaracudotiete,0.0
431,1246,sesihorto,0.0
432,1245,sesigru,0.0
433,1244,sesidescalvado,0.0
434,1243,sesicruzeiro,0.0
435,1242,sesicrixas,0.0
436,1241,sesicotia,0.0
437,1240,sesicampinas,0.0
438,1239,sesicacapava,0.0
439,1238,sesibarrabonita,0.0
440,1237,sesiapucarana,0.0
441,1236,sesiamericana,0.0
442,1235,sesialvaresmachado,0.0
443,1295,smetatui,0.0
444,1297,sociedadebread,0.0
445,1038,padreeustaquio,0.0
446,1355,venceslauchaves,0.0
447,1363,vieirasantos,0.0
448,1362,vicentecravo,0.0
449,1361,viaquatro,0.0
450,1360,vetor,0.0
451,1359,vestibularcidadao,0.0
452,1358,vertice,0.0
453,1357,veramagaldi,0.0
454,1356,veracruz,0.0
455,1354,vcmakercmf,0.0
456,1298,sociedadeevangelica,0.0
457,1353,vcmaker,0.0
458,1352,valsaab,0.0
459,1351,valdemiracoelho,0.0
460,1350,uri,0.0
461,1349,universos,0.0
462,1348,universobarcarena,0.0
463,1347,universitas,0.0
464,1345,universitario,0.0
465,1364,viladainfanciaeusebio,0.0
466,1365,viladainfanciafortaleza,0.0
467,1366,vilagustavo,0.0
468,1367,vilaolimpia,0.0
469,1384,zefinharibeiro,0.0
470,1383,zecarioca,0.0
471,1382,zacariasliberato,0.0
472,1381,yduqs,0.0
473,1380,xvdenovembro,0.0
474,1379,www,0.0
475,1378,wilsondeandradebarreto,0.0
476,1377,wererockingitbabe,0.0
477,1376,walfridocampos,0.0
478,1375,vmcursos,0.0
479,1374,vitaldidonet,0.0
480,1373,vitalbrazil,0.0
481,1372,vitae,0.0
482,1371,visaorecife,0.0
483,1370,virgempoderosa,0.0
484,1369,villalobos,0.0
485,1368,vilasezamo,0.0
486,1344,unilan,0.0
487,1343,unificado,0.0
488,1342,uniaomissnorte,0.0
489,1321,testematheus,0.0
490,1319,testehabilitacao,0.0
491,1318,testegracie,0.0
492,1317,testedequartadois,0.0
493,1316,teste,0.0
494,1315,tesadsajda,0.0
495,1314,teacherjh,0.0
496,1313,tadeubio,0.0
497,1312,tabernaculo,0.0
498,1311,superacao,0.0
499,1310,studos,0.0
500,1306,sscc,0.0
501,1305,spe,0.0
502,1303,souhabilis,0.0
503,1302,sosmamaecoruja,0.0
504,1301,soniamariaos,0.0
505,1300,sonhodecrianca,0.0
506,1299,solarcursinho,0.0
507,1320,testelemann,0.0
508,1322,testeteste,0.0
509,1341,uniao,0.0
510,1323,testetvveconquista,0.0
511,1340,unevale,0.0
512,1339,unbidiomasjapones,0.0
513,1338,umnomequalquer,0.0
514,1337,ultimavezeuespero,0.0
515,1336,ulbraconcordia,0.0
516,1335,ufrpe,0.0
517,1334,ubm,0.0
518,1333,tvve,0.0
519,1332,tutorio,0.0
520,1331,tomasdeaquino,0.0
521,1330,todalicao,0.0
522,1329,tiquinhodegente,0.0
523,1328,tiathais,0.0
524,1327,tialo,0.0
525,1326,tiaanamaria,0.0
526,1325,theclub,0.0
527,1324,testevictorhugo,0.0
528,1213,sasadaptem,0.0
529,1212,sasadapt,0.0
530,1211,sas,0.0
531,1094,positivopassocerto,0.0
532,1102,presbiterianacastanheira,0.0
533,1101,presbfmc,0.0
534,1100,presbericocardoso,0.0
535,1099,preparavest,0.0
536,1098,preparatec,0.0
537,1097,potenciacao,0.0
538,1096,positivosemeador,0.0
539,1095,positivosantamaria,0.0
540,1093,positivomaster,0.0
541,1210,sap,0.0
542,1092,positivojunior,0.0
543,1091,positivojoinville,0.0
544,1090,positivojardimambiental,0.0
545,1089,positivoboavista,0.0
546,1088,positivoaguaverde,0.0
547,1087,portoseguro,0.0
548,1086,porto,0.0
549,1084,portalsas,0.0
550,1103,presbiterianadogama,0.0
551,1104,presbiterianajdsaovicente,0.0
552,1105,presbiterianoaraguaia,0.0
553,1106,presbiterianodepiumhi,0.0
554,1123,profederal,0.0
555,1122,profdelano,0.0
556,1121,profcrisfranco,0.0
557,1120,prodteste,0.0
558,1119,prismapatrocinio,0.0
559,1118,prisma,0.0
560,1117,principius,0.0
561,1116,principedapaz,0.0
562,1115,primeiromundo,0.0
563,1114,primeirodemaio,0.0
564,1113,primeirachance,0.0
565,1112,prevest,0.0
566,1111,presbpatominas,0.0
567,1110,presbjuina,0.0
568,1109,presbiterianotatui,0.0
569,1108,presbiterianopresidenteprudente,0.0
570,1107,presbiterianomacae,0.0
571,1083,populardeteresina,0.0
572,1082,polisguimarania,0.0
573,1081,poliedro,0.0
574,1057,peresguimaraes,0.0
575,1055,pentagonomorumbi,0.0
576,1054,pentagono,0.0
577,1053,pensemac,0.0
578,1052,pedromurilo,0.0
579,1051,pedrogeo,0.0
580,1050,pedrocamelo,0.0
581,1049,pedacinhodoceu,0.0
582,1048,pearson,0.0
583,1047,pcf,0.0
584,1046,pauloviana,0.0
585,699,estadualcoelho,0.0
586,1044,paulofreire,0.0
587,1043,patronatoitapaje,0.0
588,1042,paroquial,0.0
589,1041,paraisodosaber,0.0
590,1040,palmares,0.0
591,1039,palasatena,0.0
592,1056,pequenosamuel,0.0
593,1058,peretz,0.0
594,1080,poiujkl,0.0
595,1059,perpetuosocorro,0.0
596,1079,podion,0.0
597,1078,pluricrecheescola,0.0
598,1077,plurecrecheescola,0.0
599,1076,plural,0.0
600,1075,playpen,0.0
601,1074,plannetataboao,0.0
602,1073,pioxiicolegio,0.0
603,1072,pioxii,0.0
604,1071,pioxi,0.0
605,1070,physicsumarizal,0.0
606,1069,physicsmacapa,0.0
607,1068,physicsconselheirofurtado,0.0
608,1064,physicsalmirantebarroso,0.0
609,1063,physicsalcindocacela,0.0
610,1062,phoenixeducacional,0.0
611,1061,pesenglish,0.0
612,1060,pertinhodanatureza,0.0
613,1124,professor,0.0
614,1125,professoradechines,0.0
615,1126,professorflavio,0.0
616,1189,santamariace,0.0
617,1187,santamarcelina,0.0
618,1186,santahelena,0.0
619,1185,santadoroteia,0.0
620,1184,santacruz,0.0
621,1183,santaamalia,0.0
622,1182,salesianodosalvador,0.0
623,1181,saladeaula,0.0
624,1180,saladacristiane,0.0
625,1179,sagrado,0.0
626,1178,sagradafamilia,0.0
627,1177,saea,0.0
628,1176,ruthgomesfigueira,0.0
629,1175,ruibarbosa,0.0
630,1174,rosanaponte,0.0
631,1173,rosadesaron,0.0
632,1172,riscorabisco,0.0
633,1171,riobrancocampinas,0.0
634,1188,santamaria,0.0
635,1190,santamariacn,0.0
636,1169,renascereducacao,0.0
637,1191,santarita,0.0
638,1209,saosebastiao,0.0
639,1208,saoroque,0.0
640,1207,saomiguelbh,0.0
641,1206,saomateus,0.0
642,1205,saoluiz,0.0
643,1204,saojosecaxiasdosul,0.0
644,1203,saojose,0.0
645,1202,saojoao,0.0
646,1201,saodomingos,0.0
647,1200,saobento,0.0
648,1199,santoantoniojesus,0.0
649,1198,santoantonio,0.0
650,1197,santoamericoteste,0.0
651,1195,santoagostinhomg,0.0
652,1194,santoagostinholeblon,0.0
653,1193,santoagostinho,0.0
654,1192,santaterezinha,0.0
655,1170,ricaro,0.0
656,1168,renascer,0.0
657,1127,professorgilberto,0.0
658,1147,raimundoalves,0.0
659,1145,querobolsa,0.0
660,1143,pvv,0.0
661,1142,purissimo,0.0
662,1141,pulamuralha,0.0
663,1140,puccampinas,0.0
664,1139,psantagema,0.0
665,1138,providencia,0.0
666,1137,provaspoliedro,0.0
667,1136,projetovida,0.0
668,1135,projetogauss,0.0
669,1134,projetodeventoempopa,0.0
670,1133,progressaoig,0.0
671,1132,progressaodc,0.0
672,1131,profrichard,0.0
673,1130,profgilberto,0.0
674,1129,professorsemfronteiras,0.0
675,1128,professorgirao,0.0
676,1146,radial,0.0
677,1148,rainhadapaz,0.0
678,1167,renascenca,0.0
679,1149,raiodesol,0.0
680,1166,renanbrito,0.0
681,1165,renan,0.0
682,1164,relacionamento,0.0
683,1163,reginacoelirs,0.0
684,1162,reges,0.0
685,1161,redhouseschool,0.0
686,1160,redeprojecao,0.0
687,1159,redemarista,0.0
688,1158,redeisaacnewton,0.0
689,1157,redefilhasdejesus,0.0
690,1156,redecaminhodosaber,0.0
691,1155,redeapogeu,0.0
692,1154,rede,0.0
693,1153,recriar,0.0
694,1152,recantointerativo,0.0
695,1151,rcaidiomas,0.0
696,1150,raizeducacao,0.0
697,700,estantemagica,0.0
698,693,escreva,0.0
699,698,esperanza,0.0
700,231,chamberlain,0.0
701,239,cieb,0.0
702,238,cidadaniaevida,0.0
703,237,cicrel,0.0
704,236,cicerofranklin,0.0
705,235,ciadosaber,0.0
706,234,christianschool,0.0
707,233,chegadeficartestando,0.0
708,232,charlesdarwin,0.0
709,230,cfsantoantonio,0.0
710,220,ceribeirogil,0.0
711,229,cfc,0.0
712,228,cevangelicoagj,0.0
713,227,cetec,0.0
714,226,ceteb,0.0
715,225,cesemeando,0.0
716,224,cesc,0.0
717,223,cesaber,0.0
718,222,certus,0.0
719,240,ckadima,0.0
720,241,classea,0.0
721,242,click,0.0
722,243,clubedopimpolho,0.0
723,260,colband,0.0
724,259,cognitivo,0.0
725,258,cognita,0.0
726,257,coebb,0.0
727,256,cocsjcampos,0.0
728,255,cocrenascenca,0.0
729,254,cocaraucaria,0.0
730,253,cnsr,0.0
731,252,cnslpb,0.0
732,251,cnsditabira,0.0
733,250,cnsd,0.0
734,249,cnecnovamutum,0.0
735,248,cnec,0.0
736,247,cmpalmas,0.0
737,246,cmirj,0.0
738,245,cmdpii,0.0
739,244,cmc,0.0
740,221,cermac,0.0
741,219,cepvilhena,0.0
742,262,colconcordia,0.0
743,188,ceescolita,0.0
744,196,celp,0.0
745,195,ceivanilsoncosta,0.0
746,194,ceiparaty,0.0
747,193,cei,0.0
748,192,cegetsemani,0.0
749,191,cefquinzetaguatinga,0.0
750,190,cefnorte,0.0
751,189,ceespacolivre,0.0
752,187,ceebetel,0.0
753,218,cepseguro,0.0
754,186,cedecisivo,0.0
755,185,cecriativus,0.0
756,184,cecriacao,0.0
757,183,cecgama,0.0
758,182,cecbdf,0.0
759,181,cecb,0.0
760,180,cec,0.0
761,179,cebnossasenhoraaparecida,0.0
762,197,cem,0.0
763,198,cemanoelgoncalves,0.0
764,199,cemaristasaojose,0.0
765,200,ceme,0.0
766,217,ceprojetar,0.0
767,216,ceprimeiromundo,0.0
768,215,cepquinzedenovembro,0.0
769,214,cepe,0.0
770,213,cepaulofreire,0.0
771,212,cep,0.0
772,211,centroraiodesol,0.0
773,210,centroeducacionalaviv,0.0
774,209,centroeaviv,0.0
775,208,centroarcadenoe,0.0
776,207,centrinhoplanaltina,0.0
777,206,censaparecida,0.0
778,205,censacampos,0.0
779,204,cemundomagico,0.0
780,203,cemonza,0.0
781,202,cemj,0.0
782,201,cemi,0.0
783,261,colbatistadecamamu,0.0
784,263,colediosagrado,0.0
785,177,cebapm,0.0
786,320,colegioeducare,0.0
787,328,colegioeverest,0.0
788,327,colegioestrutural,0.0
789,326,colegioequipevicosa,0.0
790,325,colegioequipern,0.0
791,324,colegioensitec,0.0
792,323,colegioeneum,0.0
793,322,colegioemilie,0.0
794,321,colegioelshadai,0.0
795,319,colegioeducallis,0.0
796,308,colegiodasamericas,0.0
797,318,colegioecursoprogressao,0.0
798,316,colegioeccos,0.0
799,315,colegioeag,0.0
800,314,colegiodosjesuitas,0.0
801,313,colegiodosalvador,0.0
802,312,colegiodomboscomanaus,0.0
803,311,colegiodom,0.0
804,310,colegiodimensao,0.0
805,329,colegioevolucaoce,0.0
806,330,colegioevoluir,0.0
807,331,colegioexatus,0.0
808,332,colegioexternatosjbv,0.0
809,349,colegiointegralsolar,0.0
810,348,colegiointegral,0.0
811,347,colegioincomar,0.0
812,346,colegioiguatemy,0.0
813,345,colegioideal,0.0
814,344,colegiohelioalonso,0.0
815,343,colegioguilhermedealmeida,0.0
816,342,colegiogradual,0.0
817,341,colegiograciosa,0.0
818,340,colegioglobal,0.0
819,339,colegiogamaliel,0.0
820,338,colegiogalileu,0.0
821,337,colegiofuturageracao,0.0
822,336,colegioflamingo,0.0
823,335,colegiofenix,0.0
824,334,colegiofato,0.0
825,333,colegiofantastico,0.0
826,309,colegiodiaspora,0.0
827,307,colegiodarwin,0.0
828,264,colegioabre,0.0
829,275,colegioanglobras,0.0
830,283,colegioauxiliadora,0.0
831,282,colegioatenas,0.0
832,281,colegioassembleiadedeus,0.0
833,280,colegioarena,0.0
834,279,colegioarca,0.0
835,278,colegioaprendiz,0.0
836,277,colegioapoiomg,0.0
837,276,colegioapoio,0.0
838,274,colegioanchietaii,0.0
839,306,colegiocristaopr,0.0
840,273,colegioanchietai,0.0
841,272,colegioalvaromelo,0.0
842,270,colegioalexandra,0.0
843,269,colegioalbertsabin,0.0
844,268,colegioalberteinstein,0.0
845,267,colegioalamar,0.0
846,266,colegioagape,0.0
847,265,colegioacm,0.0
848,284,colegiobal,0.0
849,285,colegiobatistaindependente,0.0
850,286,colegiobetelbrasileirosp,0.0
851,287,colegiobiangulo,0.0
852,305,colegiocristaoaquas,0.0
853,304,colegiocriativo,0.0
854,303,colegiocrescer,0.0
855,302,colegiocpm,0.0
856,301,colegiocognos,0.0
857,300,colegiockids,0.0
858,299,colegiocebrapi,0.0
859,298,colegiocdc,0.0
860,296,colegiocatamara,0.0
861,295,colegiocastro,0.0
862,294,colegiocastelosp,0.0
863,293,colegiocastelo,0.0
864,292,colegiocanarinho,0.0
865,291,colegiocaetano,0.0
866,290,colegiobrasilia,0.0
867,289,colegiobilac,0.0
868,288,colegiobianguloiv,0.0
869,178,cebeijaflor,0.0
870,176,ceatt,0.0
871,351,colegioipe,0.0
872,57,antaresjardins,0.0
873,65,antoniomelo,0.0
874,64,antoniolima,0.0
875,63,antoniocesar,0.0
876,62,antoniairene,0.0
877,61,antaresseisbocas,0.0
878,60,antaressantosdumont,0.0
879,59,antarespraiadeiracema,0.0
880,58,antarespapicu,0.0
881,56,antaresirmamaria,0.0
882,46,andersonaraujo,0.0
883,55,antaresfatima,0.0
884,54,antaresbarbosadefreitas,0.0
885,53,anisiopereira,0.0
886,52,animalnaopercebe,0.0
887,51,anglojacarei,0.0
888,50,anglocassianoricardo,0.0
889,49,anglocamaragibe,0.0
890,48,andrews,0.0
891,66,antonioportela,0.0
892,67,aog,0.0
893,68,apogeu,0.0
894,69,apogeuarcoiris,0.0
895,86,arena,0.0
896,85,arco,0.0
897,84,arbos,0.0
898,83,aprovest,0.0
899,82,aprendemesmo,0.0
900,81,aprendaquimica,0.0
901,80,apotec,0.0
902,79,apogeuuba,0.0
903,78,apogeustoantonio2,0.0
904,77,apogeustoantonio1,0.0
905,76,apogeupousoalegre,0.0
906,75,apogeupiaget,0.0
907,74,apogeuparademinas,0.0
908,73,apogeumbcursos,0.0
909,72,apogeudivinopolis,0.0
910,71,apogeucemap,0.0
911,70,apogeubenfica,0.0
912,47,andreiacastro,0.0
913,45,anchietaba,0.0
914,88,arp,0.0
915,12,acessohauer,0.0
916,20,adv,0.0
917,19,adrianochan,0.0
918,18,adilsonfranco,0.0
919,17,adeajuda,0.0
920,16,acessosjpinhais,0.0
921,15,acessosantafelicidade,0.0
922,14,acessoportao,0.0
923,13,acessopinhais,0.0
924,10,acessocampolargokids,0.0
925,44,anchieta,0.0
926,9,acessocampolargo,0.0
927,8,acessoboqueirao,0.0
928,7,acessoalmirantetamandare,0.0
929,6,acesso,0.0
930,5,academiaboaviagem,0.0
931,4,abm,0.0
932,3,abiliomartins,0.0
933,2,abdiasmartins,0.0
934,21,adventistajiparana,0.0
935,22,adventistasjrp,0.0
936,23,adventus,0.0
937,24,aeai,0.0
938,43,anaoliveira,0.0
939,42,amaisteste,0.0
940,41,amais,0.0
941,40,amadeus,0.0
942,39,alua,0.0
943,38,altopadraocuritiba,0.0
944,37,alphabc,0.0
945,36,alphaacompanhamento,0.0
946,34,alfredocastro,0.0
947,33,alfeurosa,0.0
948,32,alfacembilingue,0.0
949,31,albertsabin,0.0
950,30,albertocabral,0.0
951,29,aja,0.0
952,28,aguiasdosaber,0.0
953,27,agoramath,0.0
954,25,aees,0.0
955,87,arlindocavalcanti,0.0
956,89,arturtavares,0.0
957,175,ceadsp,0.0
958,144,camposalles,0.0
959,152,carlosvasconcelos,0.0
960,151,carlossantis,0.0
961,150,carlamarianad,0.0
962,149,cappta,0.0
963,148,capellakids,0.0
964,147,capacitacaoinspira,0.0
965,146,cantinhodosaber,0.0
966,145,campossalles,0.0
967,143,campeia,0.0
968,133,bragaenglish,0.0
969,142,camp,0.0
970,141,caminhar,0.0
971,140,cambauba,0.0
972,139,cam,0.0
973,138,cadern,0.0
974,137,caataua,0.0
975,136,brunorezende,0.0
976,135,brasilis,0.0
977,153,carmounai,0.0
978,154,carpediem,0.0
979,155,casdinhosjc,0.0
980,157,castelobruxo,0.0
981,174,ceads,0.0
982,173,ceabb,0.0
983,172,cdi,0.0
984,171,cdb,0.0
985,170,cci,0.0
986,169,ccdivitoriaregia,0.0
987,168,cbpdigital,0.0
988,167,cbic,0.0
989,166,cbbrasileiro,0.0
990,165,cbatistanovasiao,0.0
991,164,cbas,0.0
992,163,cav,0.0
993,162,caur,0.0
994,161,cats,0.0
995,160,catarinense,0.0
996,159,catamaravita,0.0
997,158,castelodeeducacao,0.0
998,134,brasilcursinhos,0.0
999,132,bosquemananciais,0.0
1000,90,arvoredelivros,0.0
1001,100,avaliacaoapogeu,0.0
1002,108,baraodemaua,0.0
1003,107,bancoeduqo,0.0
1004,106,bancodequestoesgratuito,0.0
1005,105,bancodequestoes,0.0
1006,104,bahema,0.0
1007,103,babyhouse,0.0
1008,102,babycamp,0.0
1009,101,avcav,0.0
1010,99,auxiliadorarj,0.0
1011,131,borapassar,0.0
1012,98,autores,0.0
1013,97,augustolaranja,0.0
1014,96,aubrick,0.0
1015,95,atmo,0.0
1016,94,athenasequipe,0.0
1017,93,ateneulondrina,0.0
1018,92,associacaomariecurie,0.0
1019,91,associacaoguararapes,0.0
1020,109,barraazul,0.0
1021,110,batistaagnusdei,0.0
1022,111,batistadaprimeira,0.0
1023,112,batistaibicui,0.0
1024,130,bonneidee,0.0
1025,129,bomjesus,0.0
1026,128,boaviagem,0.0
1027,127,blueschooleducacional,0.0
1028,126,betesda,0.0
1029,125,bertelsmann,0.0
1030,124,bernardosayao,0.0
1031,123,benjamitacardona,0.0
1032,122,benjaminconstant,0.0
1033,120,batistavistaalegre,0.0
1034,119,batistashalon,0.0
1035,118,batistasaovicente,0.0
1036,117,batistariopretense,0.0
1037,116,batistaregular,0.0
1038,115,batistanovasiao,0.0
1039,114,batistamaranata,0.0
1040,113,batistaindependente,0.0
1041,350,colegiointellectus,0.0
1042,352,colegioitamarati,0.0
1043,697,espacolivre,0.0
1044,580,eeejds,0.0
1045,588,eldapereira,0.0
1046,587,ejjg,0.0
1047,586,einsteinassis,0.0
1048,585,eibedica,0.0
1049,584,egocg,0.0
1050,583,eeplbaixo,0.0
1051,582,eepensareagir,0.0
1052,581,eeheitor,0.0
1053,579,eeagm,0.0
1054,568,educandusilha,0.0
1055,578,eeacg,0.0
1056,577,eduqualis,0.0
1057,576,eduqo,0.0
1058,575,eduhub21,0.0
1059,574,educmaria,0.0
1060,573,educglauberrocha,0.0
1061,571,educardpaschoal,0.0
1062,570,educar,0.0
1063,589,eletron,0.0
1064,590,elev,0.0
1065,591,elitecuritiba,0.0
1066,592,elitecuritibaemilianoperneta,0.0
1067,610,eraldogomes,0.0
1068,609,equipea,0.0
1069,607,ensinoteclondrina,0.0
1070,606,ensinando,0.0
1071,605,ensg,0.0
1072,604,enovoalvo,0.0
1073,603,engenhomoscou,0.0
1074,602,emovi,0.0
1075,601,emilianocristo,0.0
1076,600,emiliaferreiro,0.0
1077,599,emece,0.0
1078,598,embaixadores,0.0
1079,597,elvirabrandao,0.0
1080,596,eluneonline,0.0
1081,595,elos,0.0
1082,594,elolacerdaf,0.0
1083,593,elmira,0.0
1084,569,educaprime,0.0
1085,567,educandarioterciocorreia,0.0
1086,612,escola,0.0
1087,536,duque,0.0
1088,544,ebcj,0.0
1089,543,easi,0.0
1090,542,earcadenoe,0.0
1091,541,eag,0.0
1092,540,eadcmm,0.0
1093,539,eacr,0.0
1094,538,eacorcovado,0.0
1095,537,duquecastilho,0.0
1096,535,dorothea,0.0
1097,566,educandarionospassosdejesus,0.0
1098,534,domolinda,0.0
1099,533,dommga,0.0
1100,532,dominius,0.0
1101,531,domhelder,0.0
1102,530,domboscoos,0.0
1103,529,domboscojgva,0.0
1104,528,domboscogru,0.0
1105,527,dombosco,0.0
1106,545,ebei,0.0
1107,546,eblighthouse,0.0
1108,547,ecaminhodosanjos,0.0
1109,548,eccos,0.0
1110,565,educandarioetgcc,0.0
1111,564,educandariodosaber,0.0
1112,563,educandariodegrausdasabedoria,0.0
1113,562,educandario,0.0
1114,561,educamob,0.0
1115,560,educamais,0.0
1116,559,educadariomaria,0.0
1117,558,educacionalsemear,0.0
1118,557,educacional,0.0
1119,556,educacaoinfantilsemear,0.0
1120,555,educacaocarpediem,0.0
1121,554,editoralt,0.0
1122,553,edithdossantosrj,0.0
1123,552,edificandogeracoes,0.0
1124,551,edhumbertodecampos,0.0
1125,550,ecportoseguro,0.0
1126,549,ecml,0.0
1127,611,erasmobraga,0.0
1128,613,escolaaconchego,0.0
1129,525,dojo,0.0
1130,667,escolamaster,0.0
1131,675,escolaporprincipios,0.0
1132,674,escolapequenospassos,0.0
1133,673,escolaparticularmaxime,0.0
1134,672,escolaomega,0.0
1135,671,escolaolavonunes,0.0
1136,670,escolanovadinamica,0.0
1137,669,escolamundo,0.0
1138,668,escolamundai,0.0
1139,666,escolaluterana,0.0
1140,656,escolaimpacto,0.0
1141,665,escolakodomo,0.0
1142,664,escolakadima,0.0
1143,663,escolajosearaujobezerra,0.0
1144,662,escolajoaocalvino,0.0
1145,661,escolajesusbompastor,0.0
1146,660,escolajardimdasnacoes,0.0
1147,659,escolainternacional,0.0
1148,658,escolainterativa,0.0
1149,676,escolapppp,0.0
1150,677,escolapresb,0.0
1151,678,escolapresbiterianadecanal,0.0
1152,679,escolapresblp,0.0
1153,696,espacoeducar,0.0
1154,695,esmg,0.0
1155,694,esm,0.0
1156,1,abaweb,0.0
1157,692,escolinhadoiuri,0.0
1158,691,escolinhacaca,0.0
1159,690,escolaviva,0.0
1160,689,escolavitoriaregia,0.0
1161,688,escolavida,0.0
1162,687,escolasplugadas,0.0
1163,686,escolasoito,0.0
1164,685,escolasementesdoamanha,0.0
1165,684,escolasemear,0.0
1166,683,escolasapiencia,0.0
1167,682,escolasanti,0.0
1168,681,escolasantaclara,0.0
1169,680,escolaraulpilla,0.0
1170,657,escolainewton,0.0
1171,655,escolaidaam,0.0
1172,614,escolaagnusdei,0.0
1173,624,escolacasulo,0.0
1174,632,escolacristaboaviagem,0.0
1175,631,escolacristaba,0.0
1176,630,escolacrescimento,0.0
1177,629,escolaclgo,0.0
1178,628,escolaceuazul,0.0
1179,627,escolacemepe,0.0
1180,626,escolaceda,0.0
1181,625,escolaceciliameireles,0.0
1182,623,escolacastelokids,0.0
1183,654,escolahwallon,0.0
1184,622,escolacastanheiras,0.0
1185,621,escolaborghesi,0.0
1186,620,escolabetuel,0.0
1187,619,escolabemmequer,0.0
1188,618,escolabedelandia,0.0
1189,617,escolaarrudacamara,0.0
1190,616,escolaarcasp,0.0
1191,615,escolaalpha,0.0
1192,633,escolacristacandeias,0.0
1193,634,escolacristaemaldeia,0.0
1194,635,escolacristaempiedade,0.0
1195,636,escolacristal,0.0
1196,653,escolageorgina,0.0
1197,652,escolafrozi,0.0
1198,651,escolaevangelicabetel,0.0
1199,650,escolaesfera,0.0
1200,649,escolaeducativa,0.0
1201,648,escolaeboasnovas,0.0
1202,647,escoladrgadelha,0.0
1203,646,escoladomingossavio,0.0
1204,645,escoladomestica,0.0
1205,644,escoladofuturo,0.0
1206,643,escoladenisecarvalho,0.0
1207,642,escoladeimpacto,0.0
1208,641,escoladavila,0.0
1209,640,escoladanielberg,0.0
1210,639,escoladalivia,0.0
1211,638,escolacristasumare,0.0
1212,637,escolacristanavarzea,0.0
1213,526,dokimos,0.0
1214,524,djanirapereira,0.0
1215,353,colegiojk,0.0
1216,407,colegiopromundo,0.0
1217,415,colegiosalesianorn,0.0
1218,414,colegiosagradafamilia,0.0
1219,413,colegiosaberviver,0.0
1220,412,colegioriobranco,0.0
1221,411,colegiorgf,0.0
1222,410,colegioraiodesol,0.0
1223,409,colegioradar,0.0
1224,408,colegiopurissimo,0.0
1225,406,colegioprogresso,0.0
1226,396,colegiopitagoraspe,0.0
1227,405,colegioprimeiromundo,0.0
1228,404,colegioprevejau,0.0
1229,403,colegiopresbiterianosimonton,0.0
1230,402,colegiopresbiterianobras,0.0
1231,401,colegiopremiumgentil,0.0
1232,400,colegiopremium,0.0
1233,399,colegioportoseguro,0.0
1234,398,colegiopolivalente,0.0
1235,416,colegiosantadoroteia,0.0
1236,417,colegiosantamaria,0.0
1237,418,colegiosantamariaminas,0.0
1238,419,colegiosantanna,0.0
1239,436,colegiouniversitario,0.0
1240,435,colegiounidadejardim,0.0
1241,434,colegiouirapuru,0.0
1242,433,colegiotelesmourabrasil,0.0
1243,432,colegiotelescastelao,0.0
1244,431,colegiosuzart,0.0
1245,430,colegiosussurana,0.0
1246,429,colegiosp,0.0
1247,428,colegiosoledade,0.0
1248,427,colegiosm,0.0
1249,426,colegiosiglan,0.0
1250,425,colegioshalom,0.0
1251,424,colegiosete,0.0
1252,423,colegioser,0.0
1253,422,colegiosaoluis,0.0
1254,421,colegiosaojudas,0.0
1255,420,colegiosantoscarneiro,0.0
1256,397,colegioplanck,0.0
1257,395,colegiopitagoras,0.0
1258,438,colegioup,0.0
1259,364,colegiomagnum,0.0
1260,372,colegiometropole,0.0
1261,371,colegiomastersp,0.0
1262,370,colegiomartinus,0.0
1263,369,colegiomaristaroque,0.0
1264,368,colegiomarilia,0.0
1265,367,colegiomariahelena,0.0
1266,366,colegiomarcondes,0.0
1267,365,colegiomanoellobo,0.0
1268,363,colegiolumiar,0.0
1269,394,colegiopel,0.0
1270,362,colegiolouveira,0.0
1271,361,colegiolobato,0.0
1272,360,colegioliceujardim,0.0
1273,359,colegioliceu,0.0
1274,358,colegiolemeitapeva,0.0
1275,357,colegiolegado,0.0
1276,356,colegiolebiste,0.0
1277,355,colegiolamarck,0.0
1278,373,colegiometropolitan,0.0
1279,374,colegiomodelo,0.0
1280,375,colegiomonjolo,0.0
1281,376,colegiomontesclaros,0.0
1282,393,colegiopatriciacosta,0.0
1283,392,colegiopassionista,0.0
1284,391,colegiopadremororo,0.0
1285,390,colegiopadreeustaquio,0.0
1286,389,colegiootacilio,0.0
1287,388,colegiooficina,0.0
1288,387,colegioodysseus,0.0
1289,386,colegioocteto,0.0
1290,385,colegiooctagon,0.0
1291,384,colegioobjetivosorocaba,0.0
1292,383,colegionovopatio,0.0
1293,382,colegionovageracao,0.0
1294,381,colegionobre,0.0
1295,380,colegionivardomoura,0.0
1296,379,colegion1,0.0
1297,378,colegiomundoideal,0.0
1298,377,colegiomotiva,0.0
1299,437,colegiouniverso,0.0
1300,439,colegioveratz,0.0
1301,523,divinomestre,0.0
1302,493,csvp,0.0
1303,501,cursoenfase,0.0
1304,500,cursoclaudiomuniz,0.0
1305,499,cursobase,0.0
1306,498,cursoacre,0.0
1307,497,cursinhoeach,0.0
1308,496,culturainglesa,0.0
1309,495,ctem,0.0
1310,494,ctbmsa,0.0
1311,492,cssg,0.0
1312,482,cristaoantenorthomazi,0.0
1313,491,csdb,0.0
1314,490,cscatarina,0.0
1315,489,csasp,0.0
1316,488,csaci,0.0
1317,487,csa,0.0
1318,486,cs,0.0
1319,485,cruzeiro,0.0
1320,484,cristorei,0.0
1321,502,cursoequacao,0.0
1322,503,cursoforca,0.0
1323,504,cursoisfera,0.0
1324,505,cursoleopoldo,0.0
1325,522,dionysia,0.0
1326,521,dialeticacursos,0.0
1327,520,diagnosticoamais,0.0
1328,519,dhrczs,0.0
1329,518,devry,0.0
1330,517,descomplica,0.0
1331,516,demosesi,0.0
1332,515,demo,0.0
1333,514,deltaeducacional,0.0
1334,513,decisao,0.0
1335,512,dbosco,0.0
1336,511,darwin,0.0
1337,510,dantealighieri,0.0
1338,509,dante,0.0
1339,508,cursosazambuja,0.0
1340,507,cursoprogressao,0.0
1341,506,cursologhus,0.0
1342,483,cristaodapenha,0.0
1343,481,cristadecuritiba,0.0
1344,440,colegiovitoria,0.0
1345,450,comenius,0.0
1346,458,conhecereducacional,0.0
1347,457,confessionalmonza,0.0
1348,456,conexaosaber,0.0
1349,455,conexao,0.0
1350,454,concordia,0.0
1351,453,complexoemodelo,0.0
1352,452,compa,0.0
1353,451,comeniusuberaba,0.0
1354,449,colsantamaria,0.0
1355,480,criativaedinamica,0.0
1356,448,colsagradafamila,0.0
1357,447,colsaberviver,0.0
1358,446,colprogressao,0.0
1359,445,colmetodista,0.0
1360,444,coleguium,0.0
1361,443,colegiovivopiracicaba,0.0
1362,442,colegiovitorino,0.0
1363,441,colegiovitoriaregia,0.0
1364,459,conib,0.0
1365,460,conradochaves,0.0
1366,461,consepe,0.0
1367,462,contemporaneo,0.0
1368,479,criancaesperanca,0.0
1369,478,crescercampinas,0.0
1370,477,crechedapaz,0.0
1371,476,crecei,0.0
1372,475,crb,0.0
1373,474,cpdacdigital,0.0
1374,473,cpchamberlain,0.0
1375,472,cpcentenario,0.0
1376,471,cparaiso,0.0
1377,470,cotemig,0.0
1378,469,coracaodejesus,0.0
1379,468,coracao,0.0
1380,467,coopermundi,0.0
1381,466,contratos2021,0.0
1382,465,conteudos,0.0
1383,464,contemporaneolagoanova,0.0
1384,463,contemporaneocidadeverde,0.0
1385,1385,zuleideconstantino,0.0
